標準,IVD,Unicode,Unicode(Dec),IVS,目標CID,字圖名称,IVD集,註釋,No.
,佟,4F5F,20319,E0102,9986,uni4F5F-CN,Hanyo-Denshi,,
,佢,4F62,20322,E01EA,9990,uni4F62-TW,PUA,Self Use Only,
俏,俏,4FCF,20431,E01EA,10167,uni4FCF-CN,PUA,Self Use Only,
俘,俘,4FD8,20440,E0102,10180,uni4FD8-CN,Hanyo-Denshi,,
俞,俞,4FDE,20446,E0101,10188,uni4FDE-JP,Hanyo-Denshi,,
倘,倘,5018,20504,E01EA,10285,uni5018-CN,PUA,Self Use Only,
倩,倩,5029,20521,E0102,10316,uni5029-CN,Hanyo-Denshi,,
傯,傯,50AF,20655,E0102,10562,uni50AF-TW,Hanyo-Denshi,,
僧,僧,50E7,20711,E0104,10665,uni50E7-CN,Hanyo-Denshi,,
剪,剪,526A,21098,E0102,11284,uni526A-CN,Hanyo-Denshi,,
匾,匾,533E,21310,E0103,11645,uni533E-KR,Moji-Joho,,
卻,卻,537B,21371,E0102,11736,uni537B-KR,Hanyo-Denshi,,
厰,厰,53B0,21424,E0102,11816,uni53B0-CN,Hanyo-Denshi,,
叭,叭,53ED,21485,E0102,11915,uni53ED-CN,Hanyo-Denshi,,
呈,呈,5448,21576,E0103,12050,uni5448-KR,Hanyo-Denshi,,
咚,咚,549A,21658,E01EB,12162,uni549A-CN,PUA,Self Use Only,
唬,唬,552C,21804,E0101,12373,uni552C-CN,Hanyo-Denshi,,
喳,喳,55B3,21939,E01EB,12602,uni55B3-CN,PUA,Self Use Only,
哪,哪,54EA,21738,E01EA,12277,uni54EA-CN,PUA,Self Use Only,
啁,啁,5541,21825,E0102,12413,uni5541-CN,Hanyo-Denshi,,
啟,啟,555F,21855,E0100,12464,uni555F-TW,MSARG,,
啟,啟,555F,21855,E0101,12463,uni555F-CN,MSARG,,
喞,喞,559E,21918,E0102,12564,uni559E-CN,Hanyo-Denshi,,
噢,噢,5662,22114,E01EA,12911,uni5662-CN,PUA,Self Use Only,
囌,囌,56CC,22220,E0102,13109,uni56CC-TW,Hanyo-Denshi,,
塌,塌,584C,22604,E0102,13690,uni584C-KR,Hanyo-Denshi,,
塌,塌,584C,22604,E01EA,13691,uni584C-CN,PUA,Self Use Only,
塭,塭,586D,22637,E01EA,13753,uni586D-TW,PUA,Self Use Only,
增,增,589E,22686,E0102,13837,uni589E-CN,Hanyo-Denshi,,
墟,墟,589F,22687,E0102,13840,uni589F-CN,Hanyo-Denshi,,
壓,壓,58D3,22739,E0102,13929,uni58D3-CN,Hanyo-Denshi,,
壳,壳,58F3,22771,E0102,13984,uni58F3-CN,Hanyo-Denshi,,
夢,夢,5922,22818,E0102,14066,uni5922-TW,Hanyo-Denshi,,
嬴,嬴,5B34,23348,E0103,15291,uni5B34-KR,Hanyo-Denshi,,
寐,寐,5BD0,23504,E01EA,15603,uni5BD0-KR,PUA,Self Use Only,
層,層,5C64,23652,E01EA,15867,uni5C64-CN,PUA,Self Use Only,
巩,巩,5DE9,24041,E0102,16651,uni5DE9-CN,Hanyo-Denshi,,
帮,帮,5E2E,24110,E0102,16749,uni5E2E-HK,Hanyo-Denshi,,
庐,庐,5E90,24208,E01EA,16909,uni5E90-JP,PUA,,
异,异,5F02,24322,E0102,17140,uni5F02-HK,Hanyo-Denshi,,
异,异,5F02,24322,E01EA,17139,uni5F02-CN,PUA,Self Use Only,
彆,彆,5F46,24390,E01EA,17269,uni5F46-JP,PUA,Self Use Only,
径,径,5F84,24452,E01EA,17383,uni5F84-CN,PUA,Self Use Only,
怵,怵,6035,24629,E01EA,17662,uni6035-CN,PUA,Self Use Only,
悄,悄,6084,24708,E0102,17786,uni6084-CN,Hanyo-Denshi,,
悜,悜,609C,24732,E0100,17828,uni609C-TW,Hanyo-Denshi,,
悜,悜,609C,24732,E0101,17827,uni609C-CN,Hanyo-Denshi,,
惆,惆,60C6,24774,E0102,17906,uni60C6-CN,Hanyo-Denshi,,
惘,惘,60D8,24792,E0104,17935,uni60D8-KR,Hanyo-Denshi,,
慝,慝,615D,24925,E0102,18175,uni615D-TW,Hanyo-Denshi,,
慨,慨,6168,24936,E010B,18199,uni6168-KR,Hanyo-Denshi,,
憊,憊,618A,24970,E0102,18267,uni618A-KR,Hanyo-Denshi,,
憋,憋,618B,24971,E01EA,18271,uni618B-CN,PUA,Self Use Only,
憎,憎,618E,24974,E01EA,18277,uni618E-CN,PUA,Self Use Only,
懊,懊,61CA,25034,E0102,18391,uni61CA-CN,Hanyo-Denshi,,
懶,懶,61F6,25078,E01EA,18472,uni61F6-CN,PUA,Self Use Only,
户,户,6237,25143,E01EB,18579,uni6237-CN,PUA,Self Use Only,
扇,扇,6247,25159,E01EA,18616,uni6247-TW,PUA,Self Use Only,
扉,扉,6249,25161,E0106,18622,uni6249-KR,Moji-Joho,,
扮,扮,626E,25198,E0102,18681,uni626E-CN,Hanyo-Denshi,,
抨,抨,62A8,25256,E0102,18766,uni62A8-CN,Hanyo-Denshi,,
拜,拜,62DC,25308,E01EA,18843,uni62DC-CN,PUA,Self Use Only,
挈,挈,6308,25352,E0104,18907,uni6308-TW,Hanyo-Denshi,,
挪,挪,632A,25386,E01EA,18960,uni632A-CN,PUA,Self Use Only,
捋,捋,634B,25419,E0102,19011,uni634B-CN,Hanyo-Denshi,,
捌,捌,634C,25420,E01EA,19013,uni634C-CN,PUA,Self Use Only,
捎,捎,634E,25422,E0102,19016,uni634E-CN,Hanyo-Denshi,,
摒,摒,6452,25682,E0102,19467,uni6452-CN,Hanyo-Denshi,,
撇,撇,6487,25735,E01EA,19560,uni6487-CN,PUA,Self Use Only,
擄,擄,64C4,25796,E0102,19675,uni64C4-CN,Hanyo-Denshi,,
擲,擲,64F2,25842,E0102,19764,uni64F2-CN,Hanyo-Denshi,,
敝,敝,655D,25949,E01EA,19967,uni655D-CN,PUA,Self Use Only,
朓,朓,6713,26387,E0101,20709,uni6713-CN,Hanyo-Denshi,,
旃,旃,65C3,26051,E01EA,20148,uni65C3-KR,PUA,Self Use Only,
旣,旣,65E3,26083,E0101,20216,uni65E3-KR,Hanyo-Denshi,,
昀,昀,6600,26112,E0102,20255,uni6600-KR,Hanyo-Denshi,,
暀,暀,6680,26240,E0101,20456,uni6680-CN,Hanyo-Denshi,,
曾,曾,66FE,26366,E0102,20670,uni66FE-CN,Hanyo-Denshi,,
朓,朓,6713,26387,E0102,20709,uni6713-CN,Hanyo-Denshi,,
栐,栐,6810,26640,E01EA,21095,uni6810-CN,PUA,,
栩,栩,6829,26665,E0102,21138,uni6829-CN,Hanyo-Denshi,,
栲,栲,6832,26674,E0102,21153,uni6832-KR,Hanyo-Denshi,,
栴,栴,6834,26676,E0102,21158,uni6834-KR,Hanyo-Denshi,,
梟,梟,689F,26783,E0102,21326,uni689F-CN,Hanyo-Denshi,,
榒,榒,6992,27026,E0102,21767,uni6992-CN,Hanyo-Denshi,,
榻,榻,69BB,27067,E0104,21844,uni69BB-CN,Hanyo-Denshi,,
槩,槩,69E9,27113,E01EA,21931,uni69E9-KR,PUA,Self Use Only,
檉,檉,6A89,27273,E0101,22214,uni6A89-KR,Moji-Joho,,
櫚,櫚,6ADA,27354,E01EA,22361,uni6ADA-CN,PUA,Self Use Only,
櫝,櫝,6ADD,27357,E0102,22369,uni6ADD-CN,Hanyo-Denshi,,
歸,歸,6B78,27512,E0102,22655,uni6B78-CN,Hanyo-Denshi,,
殍,殍,6B8D,27533,E0102,22700,uni6B8D-TW,Hanyo-Denshi,,
毒,毒,6BD2,27602,E0102,22844,uni6BD2-KR,Hanyo-Denshi,,
氅,氅,6C05,27653,E01EA,22931,uni6C05-CN,PUA,Self Use Only,
氓,氓,6C13,27667,E0103,22957,uni6C13-KR,Hanyo-Denshi,,
氢,氢,6C22,27682,E01EB,22980,uni6C22-CN,PUA,Self Use Only,
氯,氯,6C2F,27695,E01EB,23002,uni6C2F-CN,PUA,Self Use Only,
汒,汒,6C52,27730,E0102,23053,uni6C52-KR,Hanyo-Denshi,,
汛,汛,6C5B,27739,E0102,23067,uni6C5B-CN,Hanyo-Denshi,,
汧,汧,6C67,27751,E0102,23083,uni6C67-CN,Hanyo-Denshi,,
沪,沪,6CAA,27818,E0104,23185,uni6CAA-CN,Hanyo-Denshi,,
泙,泙,6CD9,27865,E0102,23254,uni6CD9-CN,Hanyo-Denshi,,
泮,泮,6CEE,27886,E01EA,23291,uni6CEE-CN,PUA,Self Use Only,
洴,洴,6D34,27956,E0102,23391,uni6D34-CN,Hanyo-Denshi,,
浅,浅,6D45,27973,E01EA,23416,uni6D45-CN,PUA,,
浧,浧,6D67,28007,E01EA,23461,uni6D67-KR,PUA,Self Use Only,
淌,淌,6DCC,28108,E0102,23620,uni6DCC-CN,Hanyo-Denshi,,
淍,淍,6DCD,28109,E0100,23623,uni6DCD-HK,Hanyo-Denshi,,
淍,淍,6DCD,28109,E0101,23621,uni6DCD-CN,Hanyo-Denshi,,
渠,渠,6E20,28192,E0102,23769,uni6E20-HK,Hanyo-Denshi,,
湔,湔,6E54,28244,E01EA,23860,uni6E54-CN,PUA,Self Use Only,
湠,湠,6E60,28256,E0100,23881,uni6E60-CN,Hanyo-Denshi,,
湠,湠,6E60,28256,E0101,23882,uni6E60-TW,Hanyo-Denshi,,
湧,湧,6E67,28263,E0102,23893,uni6E67-CN,Hanyo-Denshi,,
湱,湱,6E71,28273,E0100,23907,uni6E71-CN,Hanyo-Denshi,,
湱,湱,6E71,28273,E0101,23909,uni6E71-HK,Hanyo-Denshi,,
溲,溲,6EB2,28338,E0104,24011,uni6EB2-KR,Hanyo-Denshi,,
滔,滔,6ED4,28372,E0102,24087,uni6ED4-CN,Hanyo-Denshi,,
滞,滞,6EDE,28382,E01EA,24106,uni6EDE-CN,PUA,Self Use Only,
漫,漫,6F2B,28459,E0102,24246,uni6F2B-TW,Hanyo-Denshi,,
潔,潔,6F54,28500,E0105,24314,uni6F54-KR,Hanyo-Denshi,,
潢,潢,6F62,28514,E0103,24347,uni6F62-CN,Hanyo-Denshi,,
潸,潸,6F78,28536,E01EA,24377,uni6F78-CN,PUA,Self Use Only,
澔,澔,6F94,28564,E0102,24429,uni6F94-CN,Hanyo-Denshi,,
澳,澳,6FB3,28595,E0102,24486,uni6FB3-CN,Hanyo-Denshi,,
瀆,瀆,7006,28678,E0102,24634,uni7006-CN,Hanyo-Denshi,,
瀛,瀛,701B,28699,E0105,24679,uni701B-KR,Hanyo-Denshi,,
瀞,瀞,701E,28702,E0107,24688,uni701E-HK,Hanyo-Denshi,,
灰,灰,7070,28784,E0103,24844,uni7070-CN,Hanyo-Denshi,,
灵,灵,7075,28789,E0102,24851,uni7075-CN,Hanyo-Denshi,,
焅,焅,7105,28933,E01EA,25123,uni7105-CN,PUA,Self Use Only,
焇,焇,7107,28935,E01EA,25129,uni7107-CN,PUA,Self Use Only,
煖,煖,7156,29014,E0102,25280,uni7156-CN,Hanyo-Denshi,,
煞,煞,715E,29022,E01EA,25298,uni715E-CN,PUA,Self Use Only,
燧,燧,71E7,29159,E0102,25595,uni71E7-CN,Hanyo-Denshi,,
爯,爯,722F,29231,E0103,25746,uni722F-CN,Hanyo-Denshi,,
爰,爰,7230,29232,E0102,25748,uni7230-CN,Hanyo-Denshi,,
牘,牘,7258,29272,E01EA,25820,uni7258-CN,PUA,,
牙,牙,7259,29273,E0104,25824,uni7259-KR,Moji-Joho,,
牚,牚,725A,29274,E01EA,25828,uni725A-KR,PUA,Self Use Only,
犢,犢,72A2,29346,E01EA,25936,uni72A2-CN,PUA,Self Use Only,
猨,猨,7328,29480,E01EA,26142,uni7328-CN,PUA,Self Use Only,
珵,珵,73F5,29685,E0102,26466,uni73F5-KR,Hanyo-Denshi,,
珹,珹,73F9,29689,E0102,26472,uni73F9-CN,Hanyo-Denshi,,
琑,琑,7411,29713,E01EA,26511,uni7411-CN,PUA,Self Use Only,
琢,琢,7422,29730,E0103,26533,uni7422-TW,Hanyo-Denshi,,
琥,琥,7425,29733,E0102,26539,uni7425-CN,Hanyo-Denshi,,
琱,琱,7431,29745,E0102,26565,uni7431-CN,Hanyo-Denshi,,
瑣,瑣,7463,29795,E0102,26649,uni7463-CN,Hanyo-Denshi,,
瑥,瑥,7465,29797,E0101,26654,uni7465-CN,Hanyo-Denshi,,
瑨,瑨,7468,29800,E0102,26660,uni7468-CN,Hanyo-Denshi,,
璜,璜,749C,29852,E0102,26754,uni749C-CN,Hanyo-Denshi,,
甩,甩,7529,29993,E01EA,27053,uni7529-CN,PUA,Self Use Only,
甭,甭,752D,29997,E01EA,27059,uni752D-HK,PUA,Self Use Only,
甿,甿,753F,30015,E01EA,27085,uni753F-KR,PUA,Self Use Only,
癤,癤,7664,30308,E01EA,27642,uni7664-KR,PUA,Self Use Only,
直,直,76F4,30452,E0104,27874,uni76F4-CN,Hanyo-Denshi,,
眔,眔,7714,30484,E0102,27923,uni7714-CN,Hanyo-Denshi,,
真,真,771F,30495,E0103,27937,uni771F-CN,Hanyo-Denshi,,
眹,眹,7739,30521,E0102,27976,uni7739-CN,Hanyo-Denshi,,
眾,眾,773E,30526,E01EA,27985,uni773E-CN,PUA,Self Use Only,
睛,睛,775B,30555,E0102,28030,uni775B-CN,Hanyo-Denshi,,
睬,睬,776C,30572,E01EA,28062,uni776C-CN,PUA,Self Use Only,
睭,睭,776D,30573,E0100,28065,uni776D-HK,Hanyo-Denshi,,
睭,睭,776D,30573,E0101,28063,uni776D-CN,Hanyo-Denshi,,
睹,睹,7779,30585,E0102,28080,uni7779-CN,Hanyo-Denshi,,
瞎,瞎,778E,30606,E0103,28121,uni778E-KR,Hanyo-Denshi,,
瞬,瞬,77AC,30636,E0102,28167,uni77AC-KR,Moji-Joho,,
矒,矒,77D2,30674,E0102,28237,uni77D2-CN,Hanyo-Denshi,,
矟,矟,77DF,30687,E01EA,28265,uni77DF-CN,PUA,Self Use Only,
矰,矰,77F0,30704,E01EA,28293,uni77F0-CN,PUA,Self Use Only,
砉,砉,7809,30729,E0102,28329,uni7809-TW,Hanyo-Denshi,,
砑,砑,7811,30737,E01EA,28344,uni7811-KR,PUA,Self Use Only,
砰,砰,7830,30768,E01EA,28392,uni7830-CN,PUA,Self Use Only,
硞,硞,785E,30814,E0102,28446,uni785E-CN,Hanyo-Denshi,,
硴,硴,7874,30836,E0102,28478,uni7874-CN,Hanyo-Denshi,,
碉,碉,7889,30857,E01EB,28509,uni7889-CN,PUA,Self Use Only,
碌,碌,788C,30860,E0102,28515,uni788C-CN,Hanyo-Denshi,,
碰,碰,78B0,30896,E0102,28571,uni78B0-CN,Hanyo-Denshi,,
碿,碿,78BF,30911,E01EA,28597,uni78BF-CN,PUA,Self Use Only,
磳,磳,78F3,30963,E01EA,28697,uni78F3-CN,PUA,Self Use Only,
磺,磺,78FA,30970,E01EA,28710,uni78FA-CN,PUA,Self Use Only,
祢,祢,7962,31074,E0104,28894,uni7962-KR,Hanyo-Denshi,,
禫,禫,79AB,31147,E0103,29034,uni79AB-KR,Hanyo-Denshi,,
秚,秚,79DA,31194,E01EA,29117,uni79DA-CN,PUA,Self Use Only,
称,称,79F0,31216,E0102,29154,uni79F0-CN,Hanyo-Denshi,,
程,程,7A0B,31243,E01EA,29195,uni7A0B-KR,PUA,Self Use Only,
稍,稍,7A0D,31245,E0102,29199,uni7A0D-CN,Hanyo-Denshi,,
稠,稠,7A20,31264,E0102,29235,uni7A20-CN,Hanyo-Denshi,,
稧,稧,7A27,31271,E0102,29247,uni7A27-KR,Hanyo-Denshi,,
稱,稱,7A31,31281,E0103,29266,uni7A31-CN,Hanyo-Denshi,,
稻,稻,7A3B,31291,E0102,29286,uni7A3B-CN,Hanyo-Denshi,,
穩,穩,7A69,31337,E0102,29368,uni7A69-CN,Hanyo-Denshi,,
穿,穿,7A7F,31359,E0105,29417,uni7A7F-KR,Moji-Joho,,
窖,窖,7A96,31382,E0102,29478,uni7A96-KR,Hanyo-Denshi,,
竄,竄,7AC4,31428,E0102,29592,uni7AC4-KR,Hanyo-Denshi,,
竇,竇,7AC7,31431,E01EA,29601,uni7AC7-KR,PUA,Self Use Only,
笧,笧,7B27,31527,E01EA,29793,uni7B27-CN,PUA,Self Use Only,
筲,筲,7B72,31602,E0102,29939,uni7B72-CN,Hanyo-Denshi,,
箉,箉,7B89,31625,E01EA,29982,uni7B89-CN,PUA,Self Use Only,
箏,箏,7B8F,31631,E0102,29997,uni7B8F-CN,Hanyo-Denshi,,
箐,箐,7B90,31632,E0102,30000,uni7B90-CN,Hanyo-Denshi,,
箾,箾,7BBE,31678,E01EA,30092,uni7BBE-CN,PUA,Self Use Only,
簉,簉,7C09,31753,E0103,30259,uni7C09-KR,Hanyo-Denshi,,
簧,簧,7C27,31783,E0102,30324,uni7C27-CN,Hanyo-Denshi,,
簿,簿,7C3F,31807,E0103,30377,uni7C3F-CN,Hanyo-Denshi,,
籾,籾,7C7E,31870,E0105,30527,uni7C7E-CN,Hanyo-Denshi,,
粢,粢,7CA2,31906,E01EA,30595,uni7CA2-CN,PUA,Self Use Only,
粣,粣,7CA3,31907,E01EB,30597,uni7CA3-CN,PUA,Self Use Only,
粣,粣,7CA3,31907,E01EA,30599,uni7CA3-HK,PUA,Self Use Only,
糏,糏,7CCF,31951,E01EA,30691,uni7CCF-CN,PUA,Self Use Only,
糙,糙,7CD9,31961,E01EA,30718,uni7CD9-KR,PUA,Self Use Only,
絳,絳,7D73,32115,E0103,31034,uni7D73-KR,Hanyo-Denshi,,
綢,綢,7DA2,32162,E0102,31132,uni7DA2-KR,Hanyo-Denshi,,
繩,繩,7E69,32361,E0102,31565,uni7E69-KR,Hanyo-Denshi,,
纛,纛,7E9B,32411,E01EA,31679,uni7E9B-KR,PUA,Self Use Only,
罔,罔,7F54,32596,E0102,31909,uni7F54-KR,Hanyo-Denshi,,
罾,罾,7F7E,32638,E01EA,31977,uni7F7E-CN,PUA,Self Use Only,
羐,羐,7F90,32656,E0102,32012,uni7F90-CN,Hanyo-Denshi,,
羸,羸,7FB8,32696,E0102,32085,uni7FB8-KR,Hanyo-Denshi,,
羿,羿,7FBF,32703,E01EA,32103,uni7FBF-CN,PUA,Self Use Only,
翦,翦,7FE6,32742,E0102,32198,uni7FE6-CN,Hanyo-Denshi,,
翦,翦,7FE6,32742,E0103,32197,uni7FE6-KR,Hanyo-Denshi,,
翫,翫,7FEB,32747,E0104,32214,uni7FEB-KR,Moji-Joho,,
翱,翱,7FF1,32753,E0100,32229,uni7FF1-CN,MSARG,,
翹,翹,7FF9,32761,E0102,32249,uni7FF9-CN,Hanyo-Denshi,,
翼,翼,7FFC,32764,E0105,32257,uni7FFC-KR,Hanyo-Denshi,,
耙,耙,8019,32793,E0102,32315,uni8019-CN,Hanyo-Denshi,,
耜,耜,801C,32796,E0103,32320,uni801C-CN,Hanyo-Denshi,,
聖,聖,8056,32854,E0103,32435,uni8056-TW,Hanyo-Denshi,,
聚,聚,805A,32858,E0103,32443,uni805A-TW,Hanyo-Denshi,,
聰,聰,8070,32880,E0103,32487,uni8070-TW,Hanyo-Denshi,,
肎,肎,808E,32910,E0102,32548,uni808E-CN,Hanyo-Denshi,,
肓,肓,8093,32915,E0102,32556,uni8093-KR,Hanyo-Denshi,,
腴,腴,8174,33140,E0102,33016,uni8174-KR,Hanyo-Denshi,,
膄,膄,8184,33156,E0102,33052,uni8184-KR,Hanyo-Denshi,,
膋,膋,818B,33163,E0102,33070,uni818B-CN,Hanyo-Denshi,,
臖,臖,81D6,33238,E01EA,33240,uni81D6-CN,PUA,Self Use Only,
臝,臝,81DD,33245,E01EA,33257,uni81DD-KR,PUA,Self Use Only,
臾,臾,81FE,33278,E0102,33328,uni81FE-KR,Hanyo-Denshi,,
舀,舀,8200,33280,E0104,33334,uni8200-CN,Hanyo-Denshi,,
舞,舞,821E,33310,E01EA,33398,uni821E-KR,PUA,Self Use Only,
芋,芋,828B,33419,E0102,33649,uni828B-TW,Hanyo-Denshi,,
芙,芙,8299,33433,E0102,33677,uni8299-TW,Hanyo-Denshi,,
芭,芭,82AD,33453,E0102,33729,uni82AD-TW,Hanyo-Denshi,,
芯,芯,82AF,33455,E0102,33735,uni82AF-TW,Hanyo-Denshi,,
花,花,82B1,33457,E0106,33741,uni82B1-HK,Moji-Joho,,
芹,芹,82B9,33465,E0102,33759,uni82B9-TW,Hanyo-Denshi,,
苑,苑,82D1,33489,E0103,33800,uni82D1-TW,Hanyo-Denshi,,
苗,苗,82D7,33495,E0102,33813,uni82D7-TW,Hanyo-Denshi,,
苛,苛,82DB,33499,E0102,33821,uni82DB-TW,Hanyo-Denshi,,
苜,苜,82DC,33500,E0102,33823,uni82DC-TW,Hanyo-Denshi,,
苞,苞,82DE,33502,E0102,33826,uni82DE-TW,Hanyo-Denshi,,
苣,苣,82E3,33507,E0103,33839,uni82E3-TW,Hanyo-Denshi,,
若,若,82E5,33509,E0103,33845,uni82E5-TW,Hanyo-Denshi,,
苦,苦,82E6,33510,E0102,33847,uni82E6-TW,Hanyo-Denshi,,
苯,苯,82EF,33519,E0102,33868,uni82EF-TW,Hanyo-Denshi,,
苳,苳,82F3,33523,E0103,33875,uni82F3-CN,Hanyo-Denshi,,
苹,苹,82F9,33529,E0103,33887,uni82F9-CN,Hanyo-Denshi,,
茂,茂,8302,33538,E0103,33909,uni8302-TW,Hanyo-Denshi,,
范,范,8303,33539,E0103,33911,uni8303-TW,Hanyo-Denshi,,
茄,茄,8304,33540,E0102,33913,uni8304-TW,Hanyo-Denshi,,
茅,茅,8305,33541,E0102,33915,uni8305-TW,Hanyo-Denshi,,
茉,茉,8309,33545,E0102,33926,uni8309-TW,Hanyo-Denshi,,
茎,茎,830E,33550,E01EA,33935,uni830E-CN,PUA,Self Use Only,
茗,茗,8317,33559,E0102,33947,uni8317-TW,Hanyo-Denshi,,
茧,茧,8327,33575,E0102,33979,uni8327-TW,Hanyo-Denshi,,
茫,茫,832B,33579,E0103,33989,uni832B-KR,Hanyo-Denshi,,
茬,茬,832C,33580,E0102,33993,uni832C-TW,Hanyo-Denshi,,
茱,茱,8331,33585,E0102,34002,uni8331-TW,Hanyo-Denshi,,
茴,茴,8334,33588,E0102,34009,uni8334-TW,Hanyo-Denshi,,
草,草,8349,33609,E0102,34057,uni8349-TW,Hanyo-Denshi,,
荐,荐,8350,33616,E0102,34073,uni8350-TW,Hanyo-Denshi,,
荷,荷,8377,33655,E0102,34133,uni8377-TW,Hanyo-Denshi,,
荿,荿,837F,33663,E0104,34152,uni837F-CN,Hanyo-Denshi,,
莉,莉,8389,33673,E0102,34172,uni8389-TW,Hanyo-Denshi,,
莊,莊,838A,33674,E0102,34174,uni838A-TW,Hanyo-Denshi,,
莎,莎,838E,33678,E0102,34185,uni838E-HK,Hanyo-Denshi,,
莒,莒,8392,33682,E01EA,34193,uni8392-CN,PUA,Self Use Only,
莖,莖,8396,33686,E0103,34204,uni8396-TW,Hanyo-Denshi,,
莩,莩,83A9,33705,E01EA,34247,uni83A9-CN,PUA,Self Use Only,
菁,菁,83C1,33729,E0102,34286,uni83C1-HK,Hanyo-Denshi,,
菁,菁,83C1,33729,E0104,34284,uni83C1-CN,Hanyo-Denshi,,
菁,菁,83C1,33729,E0106,34285,uni83C1-TW,MSARG,,
菊,菊,83CA,33738,E0102,34307,uni83CA-HK,Hanyo-Denshi,,
菌,菌,83CC,33740,E0102,34311,uni83CC-TW,Hanyo-Denshi,,
菠,菠,83E0,33760,E0102,34353,uni83E0-TW,Hanyo-Denshi,,
菲,菲,83F2,33778,E0103,34397,uni83F2-TW,Moji-Joho,,
萊,萊,840A,33802,E0102,34451,uni840A-TW,Hanyo-Denshi,,
萍,萍,840D,33805,E0103,34458,uni840D-CN,Hanyo-Denshi,,
萬,萬,842C,33836,E0103,34515,uni842C-TW,Hanyo-Denshi,,
萵,萵,8435,33845,E0102,34536,uni8435-TW,Hanyo-Denshi,,
萸,萸,8438,33848,E01EA,34543,uni8438-KR,PUA,Self Use Only,
落,落,843D,33853,E0102,34558,uni843D-TW,Hanyo-Denshi,,
葉,葉,8449,33865,E0103,34585,uni8449-HK,Hanyo-Denshi,,
葡,葡,8461,33889,E0102,34641,uni8461-TW,Hanyo-Denshi,,
董,董,8463,33891,E0102,34645,uni8463-TW,Hanyo-Denshi,,
葩,葩,8469,33897,E0102,34662,uni8469-TW,Hanyo-Denshi,,
葬,葬,846C,33900,E0102,34671,uni846C-HK,Hanyo-Denshi,,
葱,葱,8471,33905,E0102,34686,uni8471-HK,Hanyo-Denshi,,
葷,葷,8477,33911,E0102,34701,uni8477-TW,Hanyo-Denshi,,
蒐,蒐,8490,33936,E0102,34749,uni8490-TW,Hanyo-Denshi,,
蒜,蒜,849C,33948,E0102,34776,uni849C-TW,Hanyo-Denshi,,
蒨,蒨,84A8,33960,E0103,34803,uni84A8-CN,Hanyo-Denshi,,
蒯,蒯,84AF,33967,E01EA,34819,uni84AF-CN,PUA,Self Use Only,
蒸,蒸,84B8,33976,E0102,34838,uni84B8-TW,Hanyo-Denshi,,
蒹,蒹,84B9,33977,E0103,34840,uni84B9-CN,Hanyo-Denshi,,
蔑,蔑,8511,34065,E0104,35060,uni8511-TW,Hanyo-Denshi,,
蔓,蔓,8513,34067,E0102,35064,uni8513-TW,Hanyo-Denshi,,
蔔,蔔,8514,34068,E0102,35066,uni8514-TW,Hanyo-Denshi,,
蔚,蔚,851A,34074,E0102,35081,uni851A-HK,Hanyo-Denshi,,
蔡,蔡,8521,34081,E0102,35102,uni8521-HK,Hanyo-Denshi,,
蔣,蔣,8523,34083,E0103,35108,uni8523-HK,Hanyo-Denshi,,
蔥,蔥,8525,34085,E0103,35114,uni8525-TW,Hanyo-Denshi,,
蔳,蔳,8533,34099,E0102,35150,uni8533-CN,Hanyo-Denshi,,
蕈,蕈,8548,34120,E0103,35192,uni8548-TW,Hanyo-Denshi,,
蕊,蕊,854A,34122,E0102,35198,uni854A-TW,Hanyo-Denshi,,
蕙,蕙,8559,34137,E0103,35233,uni8559-TW,Hanyo-Denshi,,
蕨,蕨,8568,34152,E0102,35272,uni8568-TW,Hanyo-Denshi,,
蕩,蕩,8569,34153,E0102,35274,uni8569-TW,Hanyo-Denshi,,
蕭,蕭,856D,34157,E0102,35283,uni856D-TW,Hanyo-Denshi,,
薄,薄,8584,34180,E0103,35334,uni8584-TW,Hanyo-Denshi,,
薑,薑,8591,34193,E0102,35373,uni8591-TW,Hanyo-Denshi,,
薔,薔,8594,34196,E0102,35379,uni8594-TW,Hanyo-Denshi,,
薶,薶,85B6,34230,E0102,35460,uni85B6-TW,Hanyo-Denshi,,
藉,藉,85C9,34249,E0102,35506,uni85C9-TW,Hanyo-Denshi,,
藉,藉,85C9,34249,E0103,35505,uni85C9-CN,Hanyo-Denshi,,
藐,藐,85D0,34256,E0102,35522,uni85D0-TW,Hanyo-Denshi,,
藕,藕,85D5,34261,E0104,35531,uni85D5-CN,Hanyo-Denshi,,
藚,藚,85DA,34266,E0102,35543,uni85DA-CN,Hanyo-Denshi,,
蘚,蘚,861A,34330,E0102,35708,uni861A-TW,Hanyo-Denshi,,
蘭,蘭,862D,34349,E0103,35757,uni862D-TW,Hanyo-Denshi,,
虁,虁,8641,34369,E01EA,35807,uni8641-KR,PUA,Self Use Only,
虻,虻,867B,34427,E0102,35919,uni867B-KR,Hanyo-Denshi,,
蚈,蚈,8688,34440,E0102,35936,uni8688-CN,Hanyo-Denshi,,
蚋,蚋,868B,34443,E0102,35942,uni868B-CN,Hanyo-Denshi,,
蚌,蚌,868C,34444,E0102,35944,uni868C-TW,Hanyo-Denshi,,
蛧,蛧,86E7,34535,E0102,36076,uni86E7-CN,Hanyo-Denshi,,
蜩,蜩,8729,34601,E0102,36181,uni8729-CN,Hanyo-Denshi,,
蝉,蝉,8749,34633,E01EA,36232,uni8749-CN,PUA,Self Use Only,
蝹,蝹,8779,34681,E0100,36319,uni8779-TW,Hanyo-Denshi,,
蝹,蝹,8779,34681,E0101,36318,uni8779-CN,Hanyo-Denshi,,
蟃,蟃,87C3,34755,E01EB,36459,uni87C3-CN,PUA,Self Use Only,
蟃,蟃,87C3,34755,E01EA,36460,uni87C3-TW,PUA,Self Use Only,
蟫,蟫,87EB,34795,E0102,36529,uni87EB-CN,Hanyo-Denshi,,
衅,衅,8845,34885,E01EA,36699,uni8845-CN,PUA,Self Use Only,
衮,衮,886E,34926,E0101,36763,uni886E-KR,Moji-Joho,,
裒,裒,88D2,35026,E0102,36945,uni88D2-KR,Hanyo-Denshi,,
裯,裯,88EF,35055,E01EA,37004,uni88EF-KR,PUA,Self Use Only,
覃,覃,8983,35203,E0102,37333,uni8983-CN,Hanyo-Denshi,,
覉,覉,8989,35209,E0102,37345,uni8989-CN,Hanyo-Denshi,,
覓,覓,8993,35219,E01EA,37358,uni8993-CN,PUA,Self Use Only,
訝,訝,8A1D,35357,E0106,37601,uni8A1D-KR,Moji-Joho,,
誥,誥,8AA5,35493,E0102,37876,uni8AA5-KR,Hanyo-Denshi,,
誥,誥,8AA5,35493,E0103,37877,uni8AA5-CN,Moji-Joho,,
讀,讀,8B80,35712,E01EA,38357,uni8B80-KR,PUA,Self Use Only,
豁,豁,8C41,35905,E0104,38601,uni8C41-KR,Hanyo-Denshi,,
貓,貓,8C93,35987,E0102,38749,uni8C93-TW,Hanyo-Denshi,,
賆,賆,8CC6,36038,E01EA,38833,uni8CC6-KR,PUA,Self Use Only,
賙,賙,8CD9,36057,E01EA,38865,uni8CD9-CN,PUA,Self Use Only,
賲,賲,8CF2,36082,E0102,38904,uni8CF2-CN,Hanyo-Denshi,,
賺,賺,8CFA,36090,E0102,38916,uni8CFA-CN,Hanyo-Denshi,,
贈,贈,8D08,36104,E01EA,38941,uni8D08-CN,PUA,Self Use Only,
贉,贉,8D09,36105,E0102,38944,uni8D09-CN,Hanyo-Denshi,,
贖,贖,8D16,36118,E01EA,38968,uni8D16-CN,PUA,Self Use Only,
贱,贱,8D31,36145,E01EB,39000,uni8D31-CN,PUA,Self Use Only,
赭,赭,8D6D,36205,E0102,39072,uni8D6D-CN,Hanyo-Denshi,,
趟,趟,8D9F,36255,E01EA,39146,uni8D9F-CN,PUA,Self Use Only,
趴,趴,8DB4,36276,E01EB,39178,uni8DB4-CN,PUA,Self Use Only,
趵,趵,8DB5,36277,E01EA,39181,uni8DB5-CN,PUA,Self Use Only,
趹,趹,8DB9,36281,E0103,39186,uni8DB9-CN,Moji-Joho,,
趼,趼,8DBC,36284,E0102,39192,uni8DBC-CN,Hanyo-Denshi,,
践,践,8DF5,36341,E01EA,39272,uni8DF5-CN,PUA,Self Use Only,
踩,踩,8E29,36393,E01EB,39351,uni8E29-CN,PUA,Self Use Only,
蹈,蹈,8E48,36424,E0102,39404,uni8E48-CN,Hanyo-Denshi,,
蹋,蹋,8E4B,36427,E01EA,39411,uni8E4B-CN,PUA,Self Use Only,
蹦,蹦,8E66,36454,E01EB,39464,uni8E66-CN,PUA,Self Use Only,
蹩,蹩,8E69,36457,E01EA,39470,uni8E69-CN,PUA,Self Use Only,
蹭,蹭,8E6D,36461,E01EA,39477,uni8E6D-CN,PUA,Self Use Only,
蹲,蹲,8E72,36466,E0102,39487,uni8E72-CN,Hanyo-Denshi,,
躇,躇,8E87,36487,E0103,39526,uni8E87-CN,Hanyo-Denshi,,
躑,躑,8E91,36497,E0103,39547,uni8E91-CN,Hanyo-Denshi,,
軜,軜,8EDC,36572,E0102,39678,uni8EDC-CN,Hanyo-Denshi,,
輖,輖,8F16,36630,E0102,39758,uni8F16-CN,Hanyo-Denshi,,
輞,輞,8F1E,36638,E0102,39777,uni8F1E-KR,Hanyo-Denshi,,
轄,轄,8F44,36676,E0103,39853,uni8F44-KR,Hanyo-Denshi,,
轻,轻,8F7B,36731,E01EB,39943,uni8F7B-CN,PUA,,
迓,迓,8FD3,36819,E01EA,40106,uni8FD3-KR,PUA,Self Use Only,
造,造,9020,36896,E0104,40305,uni9020-KR,Hanyo-Denshi,,
逢,逢,9022,36898,E0104,40314,uni9022-KR,Moji-Joho,,
週,週,9031,36913,E01EA,40347,uni9031-KR,PUA,Self Use Only,
遑,遑,9051,36945,E01EA,40435,uni9051-KR,PUA,Self Use Only,
違,違,9055,36949,E0104,40448,uni9055-KR,Hanyo-Denshi,,
邙,邙,9099,37017,E0102,40627,uni9099-KR,Hanyo-Denshi,,
邦,邦,90A6,37030,E0105,40646,uni90A6-TW,Hanyo-Denshi,,
郜,郜,90DC,37084,E01EA,40726,uni90DC-CN,PUA,Self Use Only,
鄕,鄕,9115,37141,E0102,40819,uni9115-KR,Hanyo-Denshi,,
鄰,鄰,9130,37168,E0103,40872,uni9130-KR,Hanyo-Denshi,,
醰,醰,91B0,37296,E0102,41155,uni91B0-CN,Hanyo-Denshi,,
鋆,鋆,92C6,37574,E0102,41687,uni92C6-KR,Hanyo-Denshi,,
鋥,鋥,92E5,37605,E01EA,41752,uni92E5-KR,PUA,Self Use Only,
鏖,鏖,93D6,37846,E01EA,42236,uni93D6-KR,PUA,Self Use Only,
闉,闉,95C9,38345,E0102,42958,uni95C9-TW,Hanyo-Denshi,,
陗,陗,9657,38487,E0102,43146,uni9657-CN,Hanyo-Denshi,,
陬,陬,966C,38508,E01EA,43177,uni966C-KR,PUA,Self Use Only,
陻,陻,967B,38523,E0102,43207,uni967B-HK,Hanyo-Denshi,,
隍,隍,968D,38541,E01EA,43241,uni968D-KR,PUA,Self Use Only,
隱,隱,96B1,38577,E0102,43307,uni96B1-CN,Hanyo-Denshi,,
雕,雕,96D5,38613,E0102,43380,uni96D5-KR,Hanyo-Denshi,,
雨,雨,96E8,38632,E0103,43423,uni96E8-TW,Hanyo-Denshi,,
霄,霄,9704,38660,E0102,43478,uni9704-CN,Hanyo-Denshi,,
霌,霌,970C,38668,E0101,43498,uni970C-CN,Hanyo-Denshi,,
霪,霪,972A,38698,E0102,43564,uni972A-CN,Hanyo-Denshi,,
靕,靕,9755,38741,E0104,43655,uni9755-CN,Hanyo-Denshi,,
靗,靗,9757,38743,E0102,43660,uni9757-CN,Hanyo-Denshi,,
靘,靘,9758,38744,E0102,43662,uni9758-CN,Hanyo-Denshi,,
靚,靚,975A,38746,E0102,43666,uni975A-CN,Hanyo-Denshi,,
靝,靝,975D,38749,E0100,43675,uni975D-CN,Hanyo-Denshi,,
非,非,975E,38750,E0102,43678,uni975E-TW,Moji-Joho,,
靠,靠,9760,38752,E0106,43682,uni9760-KR,Moji-Joho,,
靡,靡,9761,38753,E0101,43687,uni9761-KR,Moji-Joho,,
靨,靨,9768,38760,E01EA,43698,uni9768-CN,PUA,Self Use Only,
靮,靮,976E,38766,E01EA,43709,uni976E-CN,PUA,Self Use Only,
靹,靹,9779,38777,E0102,43727,uni9779-CN,Hanyo-Denshi,,
靽,靽,977D,38781,E01EA,43732,uni977D-CN,PUA,Self Use Only,
鞝,鞝,979D,38813,E01EA,43778,uni979D-CN,PUA,Self Use Only,
鞧,鞧,97A7,38823,E01EA,43793,uni97A7-CN,PUA,Self Use Only,
鞩,鞩,97A9,38825,E01EA,43798,uni97A9-CN,PUA,Self Use Only,
鞰,鞰,97B0,38832,E01EA,43807,uni97B0-CN,PUA,Self Use Only,
鞲,鞲,97B2,38834,E01EA,43811,uni97B2-CN,PUA,Self Use Only,
韇,韇,97C7,38855,E01EA,43856,uni97C7-CN,PUA,Self Use Only,
頖,頖,9816,38934,E01EA,43993,uni9816-CN,PUA,Self Use Only,
頙,頙,9819,38937,E0102,43999,uni9819-CN,Hanyo-Denshi,,
颈,颈,9888,39048,E01EB,44167,uni9888-CN,PUA,Self Use Only,
颼,颼,98BC,39100,E01EA,44242,uni98BC-KR,PUA,Self Use Only,
馦,馦,99A6,39334,E01EA,44731,uni99A6-CN,PUA,Self Use Only,
馧,馧,99A7,39335,E0100,44734,uni99A7-TW,Hanyo-Denshi,,
馧,馧,99A7,39335,E0101,44733,uni99A7-CN,Hanyo-Denshi,,
馰,馰,99B0,39344,E0102,44752,uni99B0-CN,Hanyo-Denshi,,
駾,駾,99FE,39422,E01EA,44862,uni99FE-CN,PUA,Self Use Only,
騆,騆,9A06,39430,E01EA,44881,uni9A06-CN,PUA,Self Use Only,
騚,騚,9A1A,39450,E0102,44915,uni9A1A-CN,Hanyo-Denshi,,
騞,騞,9A1E,39454,E0102,44922,uni9A1E-TW,Hanyo-Denshi,,
騪,騪,9A2A,39466,E01EB,44942,uni9A2A-CN,PUA,Self Use Only,
騪,騪,9A2A,39466,E01EA,44943,uni9A2A-TW,PUA,Self Use Only,
驉,驉,9A49,39497,E01EB,45004,uni9A49-CN,PUA,Self Use Only,
驉,驉,9A49,39497,E01EA,45005,uni9A49-TW,PUA,Self Use Only,
驎,驎,9A4E,39502,E0102,45015,uni9A4E-KR,Hanyo-Denshi,,
驔,驔,9A54,39508,E0102,45027,uni9A54-CN,Hanyo-Denshi,,
驘,驘,9A58,39512,E0102,45034,uni9A58-KR,Hanyo-Denshi,,
骪,骪,9AAA,39594,E01EA,45137,uni9AAA-KR,PUA,Self Use Only,
骿,骿,9ABF,39615,E0102,45202,uni9ABF-HK,Hanyo-Denshi,,
鬅,鬅,9B05,39685,E01EA,45361,uni9B05-KR,PUA,Self Use Only,
鬋,鬋,9B0B,39691,E01EA,45375,uni9B0B-KR,PUA,Self Use Only,
鬣,鬣,9B23,39715,E0102,45429,uni9B23-KR,Hanyo-Denshi,,
鬬,鬬,9B2C,39724,E0101,45446,uni9B2C-CN,Hanyo-Denshi,,
鬭,鬭,9B2D,39725,E0103,45448,uni9B2D-CN,Hanyo-Denshi,,
鬭,鬭,9B2D,39725,E01EA,45449,uni9B2D-HK,PUA,Self Use Only,
魈,魈,9B48,39752,E01EA,45515,uni9B48-HK,PUA,Self Use Only,
魡,魡,9B61,39777,E01EA,45571,uni9B61-CN,PUA,Self Use Only,
魶,魶,9B76,39798,E01EA,45607,uni9B76-CN,PUA,Self Use Only,
鮃,鮃,9B83,39811,E0102,45627,uni9B83-CN,Hanyo-Denshi,,
鰌,鰌,9C0C,39948,E0103,45833,uni9C0C-CN,Hanyo-Denshi,,
鰻,鰻,9C3B,39995,E0103,45928,uni9C3B-TW,Hanyo-Denshi,,
鱉,鱉,9C49,40009,E01EA,45955,uni9C49-CN,PUA,Self Use Only,
鴉,鴉,9D09,40201,E0104,46202,uni9D09-KR,Moji-Joho,,
鵩,鵩,9D69,40297,E0102,46348,uni9D69-CN,Hanyo-Denshi,,
鵰,鵰,9D70,40304,E0102,46357,uni9D70-CN,Hanyo-Denshi,,
鶄,鶄,9D84,40324,E0102,46394,uni9D84-CN,Hanyo-Denshi,,
鶹,鶹,9DB9,40377,E0102,46487,uni9DB9-KR,Hanyo-Denshi,,
鶿,鶿,9DBF,40383,E0105,46502,uni9DBF-KR,Hanyo-Denshi,,
麟,麟,9E9F,40607,E0103,46885,uni9E9F-KR,Hanyo-Denshi,,
黈,黈,9EC8,40648,E0102,46998,uni9EC8-HK,Hanyo-Denshi,,
鼂,鼂,9F02,40706,E0102,47127,uni9F02-KR,Hanyo-Denshi,,
鼇,鼇,9F07,40711,E0102,47138,uni9F07-KR,Hanyo-Denshi,,
鼈,鼈,9F08,40712,E0106,47142,uni9F08-CN,Hanyo-Denshi,,
鼬,鼬,9F2C,40748,E0102,47217,uni9F2C-KR,Hanyo-Denshi,,
齄,齄,9F44,40772,E01EA,47275,uni9F44-CN,PUA,Self Use Only,
㮍,㮍,3B8D,15245,E0102,4517,uni3B8D-CN,Hanyo-Denshi,,
㯳,㯳,3BF3,15347,E0102,4628,uni3BF3-HK,Hanyo-Denshi,,
㵪,㵪,3D6A,15722,E0100,5024,uni3D6A-HK,Hanyo-Denshi,,
㵪,㵪,3D6A,15722,E0101,5023,uni3D6A-CN,Hanyo-Denshi,,
䓲,䓲,44F2,17650,E0102,7106,uni44F2-CN,Hanyo-Denshi,,
䡎,䡎,484E,18510,E01EA,8030,uni484E-CN,PUA,Self Use Only,
