標準,Unicode,Unicode(Dec),IVS,目標CID,字圖名称,被修改或替換的字圖名称,IVD集,默認字圖,No.
专,4E13,19987,/,9509,uni4E13-CN,uni4E13-CN,/,All,*常用字範圍内的簡化字待補全，第一期：僅補通規一級表内風格変動有顕著差異或具有明顕楷化風格的、第二期：補全通規一級表範圍、第三期：常用字範圍
东,4E1C,19996,/,9521,uni4E1C-CN,uni4E1C-CN,/,All,*「幾」部件字形相近暫不作更改。
丝,4E1D,19997,/,9522,uni4E1D-CN,uni4E1D-CN,/,All,
丢,4E22,20002,/,9530,uni4E22-CM,uni4E22-CN,/,All,
丧,4E27,20007,/,9535,uni4E27-CM,uni4E27-CN,/,All,
临,4E34,20020,/,9553,uni4E34-CM,uni4E34-CN,/,All,
乐,4E50,20048,/,9589,uni4E50-CN,uni4E50-CN,/,All,
乡,4E61,20065,/,9611,uni4E61-CN,uni4E61-CN,/,All,
产,4EA7,20135,/,9714,uni4EA7-CN,uni4EA7-CN,/,All,
亵,4EB5,20149,/,9740,uni4EB5-CN,uni4EB5-CN,/,All,
仑,4ED1,20177,/,9783,uni4ED1-CN,uni4ED1-CN,/,All,
仓,4ED3,20179,/,9785,uni4ED1-CN,uni4ED3-CN,/,All,
伞,4F1E,20254,/,9895,uni4F1E-CM,uni4F1E-CN,/,All,
传,4F20,20256,/,9897,uni4F20-CN,uni4F20-CN,/,All,
伦,4F26,20262,/,9904,uni4F26-CN,uni4F26-CN,/,All,
侩,4FA9,20393,/,10099,uni4FA9-CM,uni4FA9-CN,/,All,
俞,4FDE,20446,E0100,10189,uni4FDE-M,uni4FDE-CN,Hanyo-Denshi,M,
俪,4FEA,20458,/,10207,uni4FEA-CM,uni4FEA-CN,/,All,
倦,5026,20518,E01EA,10310,uni5026-M,uni5026-CN,PUA,M,
倾,503E,20542,/,10351,uni503E-CN,uni503E-CN,/,All,
偷,5077,20599,E0102,10453,uni5077-M,uni5077-CN,Hanyo-Denshi,M,
偿,507F,20607,/,10464,uni507F-CN,uni507F-CN,/,All,
储,50A8,20648,/,10548,uni50A8-CN,uni50A8-CN,/,All,
僱,50F1,20721,E01EA,10688,uni50F1-CM,uni50F1-CN,PUA,CM,
军,519B,20891,/,10976,uni519B-CN,uni519B-CN,/,All,
农,519C,20892,/,10977,uni519C-CN,uni519C-CN,/,All,
冯,51AF,20911,/,11003,uni51AF-CN,uni51AF-CN,/,All,
冻,51BB,20923,/,11025,uni51BB-CN,uni51BB-CN,/,All,
凿,51FF,20991,/,11133,uni51FF-CM,uni51FF-CN,/,All,
刽,523D,21053,/,11218,uni523D-CM,uni523D-CN,/,All,
剁,5241,21057,/,11222,uni5241-CL,uni5241-CN,/,All,
剎,524E,21070,/,11239,uni524E-CL,uni524E-TW,/,All,
割,5272,21106,E01EA,11297,uni5272-CM,uni5272-CN,PUA,CM,
剷,5277,21111,E01EA,11309,uni5277-CM,uni5277-CN,PUA,CM,
动,52A8,21160,/,11393,uni52A8-CN,uni52A8-CN,/,All,
卽,537D,21373,E0102,11722,uni537D-CL,uni5373-CN,Hanyo-Denshi,All,
卷,5377,21367,E0103,11729,uni5377-M,uni5377-CN,Hanyo-Denshi,M,
县,53BF,21439,/,11841,uni53BF-CN,uni53BF-CN,/,All,
发,53D1,21457,/,11872,uni53D1-CN,uni53D1-CN,/,All,
变,53D8,21464,E0100,11881,uni53D8-MO,uni53D8-CN,MSARG,IVS,
变,53D8,21464,E0101,11883,uni53D8uE0101-MO,uni53D9-CN,MSARG,All,
吆,5406,21510,E0100,11946,uni5406-CL,uni5406-CN,Hanyo-Denshi,All,
吗,5417,21527,/,11968,uni5417-CN,uni5417-CN,/,All,
咚,549A,21658,E01EA,12165,uni549A-CL,uni549C-CN,PUA,"CL,CM",
哟,54DF,21727,/,12258,uni54DF-CN,uni54DF-CN,/,All,
唬,552C,21804,E0100,12374,uni552C-CL,uni552C-TW,Hanyo-Denshi,All,
唷,5537,21815,/,12393,uni5537-CL,uni5537-CN,/,All,
喲,55B2,21938,E01EA,12601,uni55B2-M,uni55B2-CN,PUA,"M,CM",
喳,55B3,21939,E01EA,12603,uni55B3-CL,uni55B3-TW,PUA,CL,
喺,55BA,21946,/,12613,uni55BA-CL,uni55BA-CN,/,All,
喻,55BB,21947,E0100,12615,uni55BB-M,uni55BB-CN,Hanyo-Denshi,M,
喻,55BB,21947,E01EA,12616,uni55BB-CM,uni55BB-TW,PUA,"CL,CM",
喽,55BD,21949,/,12619,uni55BD-CM,uni55BD-CN,/,All,
嗡,55E1,21985,E01EA,12691,uni55E1-CL,uni55E1-CN,PUA,CL,
嗡,55E1,21985,E01EB,12692,uni55E1-M,uni55E1-TW,PUA,"M,CM",
嗨,55E8,21992,/,12702,uni55E8-CL,uni55E8-CN,/,All,
嘛,561B,22043,E0102,12793,uni561B-CM,uni561B-CN,Hanyo-Denshi,CM,
嚮,56AE,22190,E01EA,13049,uni56AE-M,uni56AE-CN,PUA,"M,CM",
嚼,56BC,22204,E01EA,13076,uni56BC-M,uni56BC-CN,PUA,M,
嚼,56BC,22204,E0102,13078,uni56BC-CM,uni56BD-TW,Hanyo-Denshi,CM,
圈,5708,22280,E0102,13205,uni5708-M,uni5708-CN,Hanyo-Denshi,M,
坛,575B,22363,/,13326,uni575B-CN,uni575B-CN,/,All,
垛,579B,22427,/,13416,uni579B-CL,uni579B-CN,/,All,
堊,580A,22538,E01EA,13588,uni580A-CM,uni5809-TW,PUA,CM,
壙,58D9,22745,E0102,13940,uni58D9-CM,uni58D9-CN,Hanyo-Denshi,CM,
奚,595A,22874,E01EA,14154,uni595A-CM,uni595A-CN,PUA,CM,
奬,596C,22892,E0103,14187,uni596C-CM,uni596C-CN,Hanyo-Denshi,CM,
妆,5986,22918,/,14247,uni5986-CM,uni5986-CN,/,All,
妇,5987,22919,/,14248,uni5987-CN,uni5987-CN,/,All,
妈,5988,22920,/,14249,uni5987-CN,uni5988-CN,/,All,
妒,5992,22930,E01EA,14274,uni5992-CM,uni5992-TW,PUA,CM,
姗,59D7,22999,/,14444,uni59D7-CN,uni59D7-CN,/,All,
娇,5A07,23047,/,14566,uni5A07-CN,uni5A07-CN,/,All,
娱,5A31,23089,/,14666,uni5A31-CN,uni5A31-CN,/,All,
婊,5A4A,23114,/,14726,uni5A4A-CL,uni5A4A-CN,/,All,
婴,5A74,23156,/,14820,uni5A74-CN,uni5A74-CN,/,All,
婵,5A75,23157,/,14821,uni5A75-CN,uni5A75-CN,/,All,
婶,5A76,23158,/,14822,uni5A76-CN,uni5A76-CN,/,All,
嬤,5B24,23332,/,15251,uni5B24-CL,uni5B24-CN,/,All,
嬷,5B37,23351,/,15297,uni5B37-CM,uni5B37-CN,/,All,
孪,5B6A,23402,/,15401,uni5B6A-CM,uni5B6A-CN,/,All,
孵,5B75,23413,E0102,15421,uni5B75-CM,uni5B75-CN,Hanyo-Denshi,CM,
实,5B9E,23454,/,15507,uni5B9E-CN,uni5B9E-CN,/,All,
宠,5BA0,23456,/,15510,uni5BA0-CN,uni5BA0-CN,/,All,
审,5BA1,23457,/,15511,uni5BA1-CN,uni5BA1-CN,/,All,
宪,5BAA,23466,/,15528,uni5BAA-CN,uni5BAA-CN,/,All,
宫,5BAB,23467,/,15529,uni5BAB-CM,uni5BAB-CN,/,All,
害,5BB3,23475,E01EA,15546,uni5BB3-CM,uni5BB3-CN,PUA,CM,
宽,5BBD,23485,/,15569,uni5BBD-CN,uni5BBD-CN,/,All,
宾,5BBE,23486,/,15570,uni5BBE-CN,uni5BBE-CN,/,All,
寐,5BD0,23504,E01EB,15604,uni5BD0-CM,uni5BD0-CN,PUA,CM,
寕,5BD5,23509,/,15614,uni5BD5-CM,uni5BD5-CN,/,All,
寜,5BDC,23516,/,15630,uni5BDC-CL,uni5BDC-CN,/,All,
寝,5BDD,23517,E01EA,15632,uni5BDD-CM,uni5BDD-CN,PUA,All,
寤,5BE4,23524,E0102,15650,uni5BE4-CM,uni5BE4-CN,Hanyo-Denshi,CM,
寥,5BE5,23525,E0102,15653,uni5BE5-M,uni5BE5-CN,Hanyo-Denshi,"M,CM",
尘,5C18,23576,/,15751,uni5C18-CN,uni5C18-CN,/,All,
尝,5C1D,23581,/,15757,uni5C1D-CN,uni5C1D-CN,/,All,
尴,5C34,23604,/,15791,uni5C34-CN,uni5C34-CN,/,All,
层,5C42,23618,/,15812,uni5C42-CN,uni5C42-CN,/,All,
屿,5C7F,23679,/,15919,uni5C7F-CM,uni5C7F-CN,/,All,
岖,5C96,23702,/,15965,uni5C96-CM,uni5C96-CN,/,All,
岛,5C9B,23707,/,15970,uni5C9B-CN,uni5C9B-CN,/,All,
峥,5CE5,23781,/,16111,uni5CE5-CM,uni5CE5-CN,/,All,
峭,5CED,23789,E0102,16127,uni5CED-M,uni5CED-CN,Hanyo-Denshi,"M,CM",
崭,5D2D,23853,/,16267,uni5D2D-CN,uni5D2D-CN,/,All,
巅,5DC5,24005,/,16584,uni5DC5-CN,uni5DC5-CN,/,All,
巔,5DD4,24020,/,16615,uni5DD4-M,uni5DD4-HK,/,All,
市,5E02,24066,E01EA,16684,uni5E02-CL,uni5E02-CN,PUA,All,
帐,5E10,24080,/,16702,uni5E10-CN,uni5E10-CN,/,All,
帰,5E30,24112,E0103,16755,uni5E30-CM,uni5E33-CN,Hanyo-Denshi,"CL,CM",
庅,5E85,24197,/,16890,uni5E83-CM,uni5E85-CN,/,All,
庆,5E86,24198,/,16891,uni5E86-CN,uni5E86-CN,/,All,
庐,5E90,24208,E01EA,16910,uni5E90-CM,uni5E90-CN,PUA,CM,
库,5E93,24211,/,16913,uni5E93-CN,uni5E93-CN,/,All,
应,5E94,24212,/,16914,uni5E94-CN,uni5E94-CN,/,All,
庞,5E9E,24222,/,16932,uni5E9E-CN,uni5E9E-CN,/,All,
废,5E9F,24223,/,16933,uni5E9F-CN,uni5E9F-CN,/,All,
廖,5ED6,24278,E0102,17050,uni5ED6-M,uni5ED6-CN,Hanyo-Denshi,"M,CM",
张,5F20,24352,/,17195,uni5F20-CN,uni5F20-CN,/,All,
弹,5F39,24377,/,17246,uni5F39-CN,uni5F39-CN,/,All,
彆,5F46,24390,E01EB,17270,uni5F46-M,uni5F46-CN,PUA,"M,CM",
微,5FAE,24494,E0105,17453,uni5FAE-CL,uni5FAE-CN,Moji-Joho,All,
怅,6005,24581,/,17591,uni6005-CN,uni6005-CN,/,All,
恳,6073,24691,/,17762,uni6073-CN,uni6073-CN,/,All,
恼,607C,24700,/,17772,uni607C-CM,uni607C-CN,/,All,
悬,60AC,24748,/,17856,uni60AC-CN,uni60AC-CN,/,All,
悯,60AF,24751,/,17859,uni60AF-CN,uni60AF-CN,/,All,
惦,60E6,24806,/,17958,uni60E6-CL,uni60E6-CN,/,All,
惧,60E7,24807,E0102,17961,uni60E7-CM,uni60E8-CN,Hanyo-Denshi,CM,
惬,60EC,24812,/,17965,uni60EC-CM,uni60EC-CN,/,All,
惭,60ED,24813,/,17966,uni60ED-CN,uni60ED-CN,/,All,
愈,6108,24840,E01EA,18011,uni6108-CM,uni6108-CN,PUA,CM,
愉,6109,24841,E01EA,18014,uni6109-CM,uni6109-CN,PUA,CM,
愾,613E,24894,E01EA,18113,uni613E-CM,uni613E-CN,PUA,CM,
懶,61F6,25078,E0102,18474,uni61F6-CM,uni61F7-CN,Hanyo-Denshi,CM,
戳,6233,25139,E01EA,18572,uni6233-M,uni6233-CN,PUA,"M,CM",
户,6237,25143,E01EA,18578,uni6237-CM,uni6236-CN,PUA,All,
扩,6269,25193,/,18674,uni6269-CN,uni6269-CN,/,All,
抠,62A0,25248,/,18757,uni62A0-CM,uni62A0-CN,/,All,
抡,62A1,25249,/,18758,uni62A1-CN,uni62A1-CN,/,All,
抢,62A2,25250,/,18759,uni62A2-CN,uni62A2-CN,/,All,
护,62A4,25252,/,18761,uni62A4-CN,uni62A4-CN,/,All,
拧,62E7,25319,/,18857,uni62E7-CN,uni62E7-CN,/,All,
拴,62F4,25332,E0102,18874,uni62F4-CM,uni62F4-CN,Hanyo-Denshi,CM,
挤,6324,25380,/,18948,uni6324-CN,uni6324-CN,/,All,
捡,6361,25441,/,19045,uni6361-CN,uni6361-CN,/,All,
捣,6363,25443,/,19047,uni6363-CN,uni6363-CN,/,All,
捩,6369,25449,E0103,19060,uni6369-CM,uni6369-TW,Hanyo-Denshi,CM,
捲,6372,25458,E01EA,19071,uni6372-M,uni6372-CN,PUA,M,
掐,6390,25488,E01EA,19124,uni6390-CM,uni6390-CN,PUA,CM,
掺,63BA,25530,/,19196,uni63BA-CM,uni63BA-CN,/,All,
揍,63CD,25549,/,19227,uni63CD-CL,uni63CD-CN,/,All,
插,63D2,25554,E01EA,19236,uni63D2-CM,uni63D2-CN,PUA,CM,
揽,63FD,25597,/,19316,uni63FD-CN,uni63FD-CN,/,All,
搂,6402,25602,/,19321,uni6402-CM,uni6402-CN,/,All,
摆,6446,25670,/,19449,uni6446-CN,uni6446-CN,/,All,
摇,6447,25671,/,19450,uni6447-CM,uni6447-CN,/,All,
摊,644A,25674,/,19453,uni644A-CN,uni644A-CN,/,All,
摔,6454,25684,E01EA,19472,uni6454-M,uni6454-CN,PUA,"M,CM",
擞,64DE,25822,/,19723,uni64DE-CM,uni64DE-CN,/,All,
擴,64F4,25844,E0102,19768,uni64F4-CM,uni64F4-CN,Hanyo-Denshi,CM,
敛,655B,25947,/,19963,uni655B-CN,uni655B-CN,/,All,
斋,658B,25995,/,20043,uni658B-CL,uni658B-CN,/,All,
斍,658D,25997,/,20046,uni658D-CL,uni658D-CN,/,All,
旷,65F7,26103,/,20242,uni65F7-CN,uni65F7-CN,/,All,
暨,66A8,26280,/,20518,uni66A8-M,uni66A8-CN,/,All,
曜,66DC,26332,E01EA,20608,uni66DC-M,uni66DC-CN,PUA,"M,CM",
曠,66E0,26336,E0102,20616,uni66E0-CM,uni66E0-CN,Hanyo-Denshi,CM,
朕,6715,26389,E01EA,20714,uni6715-CM,uni6715-TW,PUA,CM,
望,671B,26395,E0107,20727,uni671B-CL,uni671B-CN,Hanyo-Denshi,CL,
杀,6740,26432,/,20788,uni6740-CN,uni6740-CN,/,All,
杂,6742,26434,/,20791,uni6742-CN,uni6742-CN,/,All,
枪,67AA,26538,/,20943,uni67AA-CN,uni67AA-CN,/,All,
柜,67DC,26588,E0102,21017,uni67DC-M,uni67DC-CN,Hanyo-Denshi,M,
柠,67E0,26592,/,21024,uni67E0-CN,uni67E0-CN,/,All,
检,68C0,26816,/,21387,uni68C0-CN,uni68C0-CN,/,All,
榄,6984,27012,/,21745,uni6984-CN,uni6984-CN,/,All,
榆,6986,27014,E01EA,21748,uni6986-CM,uni6986-CN,PUA,"CL,CM",
槛,69DB,27099,/,21904,uni69DB-CN,uni69DB-CN,/,All,
槳,69F3,27123,E01EA,21953,uni69F3-CM,uni69F3-TW,PUA,CM,
樁,6A01,27137,E01EA,21979,uni6A01-CM,uni6A01-CN,PUA,CM,
樱,6A31,27185,/,22062,uni6A31-CN,uni6A31-CN,/,All,
櫂,6AC2,27330,E01EA,22321,uni6AC2-M,uni6AC2-CN,PUA,M,
櫥,6AE5,27365,/,22383,uni6AE5-CL,uni6AE5-CN,/,All,
欎,6B0E,27406,/,22460,uni6B0E-CM,uni6B0E-CN,/,All,
欢,6B22,27426,/,22498,uni6B23-CN,uni6B22-CN,/,All,
歉,6B49,27465,E0102,22568,uni6B49-CM,uni6B49-CN,Hanyo-Denshi,"M,CM",
歙,6B59,27481,E0102,22601,uni6B59-M,uni6B59-CN,Hanyo-Denshi,M,
歼,6B7C,27516,/,22663,uni6B7C-CN,uni6B7C-CN,/,All,
殇,6B87,27527,/,22687,uni6B87-CN,uni6B87-CN,/,All,
毕,6BD5,27605,/,22853,uni6BD5-CN,uni6BD5-CN,/,All,
毙,6BD9,27609,/,22863,uni6BD9-CN,uni6BD9-CN,/,All,
氢,6C22,27682,/,22980,uni6C22-CM,uni6C22-CN,/,All,
汇,6C47,27719,/,23035,uni6C47-CN,uni6C47-CN,/,All,
污,6C61,27745,/,23076,uni6C61-CL,uni6C61-CN,/,All,
沦,6CA6,27814,/,23180,uni6CA6-CN,uni6CA6-CN,/,All,
沧,6CA7,27815,/,23181,uni6CA7-CN,uni6CA7-CN,/,All,
泞,6CDE,27870,/,23265,uni6CDE-CN,uni6CDE-CN,/,All,
济,6D4E,27982,/,23425,uni6D4E-CN,uni6D4E-CN,/,All,
浏,6D4F,27983,/,23426,uni6D4F-CM,uni6D4F-CN,/,All,
浓,6D53,27987,/,23430,uni6D53-CN,uni6D53-CN,/,All,
涤,6DA4,28068,/,23554,uni6DA4-CN,uni6DA4-CN,/,All,
涨,6DA8,28072,/,23558,uni6DA8-CN,uni6DA8-CN,/,All,
淚,6DDA,28122,E01EA,23651,uni6DDA-CM,uni6DDA-TW,PUA,CM,
渝,6E1D,28189,E0102,23762,uni6E1D-M,uni6E1D-CN,Hanyo-Denshi,M,
渝,6E1D,28189,E01EA,23763,uni6E1D-CM,uni6E1D-TW,PUA,CM,
溅,6E85,28293,/,23934,uni6E85-CN,uni6E85-CN,/,All,*可能区分
溪,6EAA,28330,E0102,23996,uni6EAA-CM,uni6EAA-CN,Hanyo-Denshi,CM,
滇,6EC7,28359,E0102,24058,uni6EC7-M,uni6EC7-CN,Hanyo-Denshi,"M,CM",
滥,6EE5,28389,/,24114,uni6EE5-CN,uni6EE5-CN,/,All,
滨,6EE8,28392,/,24118,uni6EE8-CN,uni6EE8-CN,/,All,
滩,6EE9,28393,/,24119,uni6EE9-CN,uni6EE9-CN,/,All,
漿,6F3F,28479,E01EA,24282,uni6F3F-CM,uni6F3F-TW,PUA,CM,
濂,6FC2,28610,E0102,24517,uni6FC2-M,uni6FC2-CN,Hanyo-Denshi,"M,CM",
濒,6FD2,28626,/,24543,uni6FD2-CN,uni6FD2-CN,/,All,
濯,6FEF,28655,E01EA,24593,uni6FEF-M,uni6FEF-CN,PUA,"M,CM",
瀚,701A,28698,E0102,24676,uni701A-M,uni701A-CN,Hanyo-Denshi,"M,CM",
灿,707F,28799,/,24873,uni707F-CN,uni707F-CN,/,/,
炬,70AC,28844,E0102,24966,uni70AC-CL,uni70AC-TW,Hanyo-Denshi,CL,
烩,70E9,28905,/,25075,uni70E9-CM,uni70E9-CN,/,All,
煽,717D,29053,E01EA,25361,uni717D-M,uni717D-TW,PUA,M,
燧,71E7,29159,E01EA,25596,uni71E7-M,uni71E7-TW,PUA,"M,CM",
爵,7235,29237,E01EA,25755,uni7235-M,uni7235-CN,PUA,M,
牖,7256,29270,E01EA,25814,uni7256-CM,uni7256-TW,PUA,CM,
狞,72DE,29406,/,26025,uni72DE-CN,uni72DE-CN,/,All,
狱,72F1,29425,/,26048,uni72F1-CN,uni72F1-CN,/,All,
獺,737A,29562,E0102,26291,uni737A-CM,uni737A-CN,Hanyo-Denshi,CM,
琼,743C,29756,/,26587,uni743C-CN,uni743C-CN,/,All,
瑜,745C,29788,E0102,26637,uni745C-M,uni745C-CN,Hanyo-Denshi,M,
瑜,745C,29788,E01EA,26638,uni745C-CM,uni745C-TW,PUA,CM,
瑯,746F,29807,E0102,26673,uni746F-M,uni746F-CN,Hanyo-Denshi,"M,CM",
瑶,7476,29814,E0102,26689,uni7476-CM,uni7476-CN,Hanyo-Denshi,All,
瓤,74E4,29924,E01EA,26900,uni74E4-CM,uni74E4-CN,PUA,CM,
画,753B,30011,E0102,27079,uni753B-CL,uni753B-CN,Hanyo-Denshi,"CL,M",
疖,7596,30102,/,27225,uni7596-CN,uni7596-CN,/,All,
疗,7597,30103,/,27226,uni7596-CN,uni7597-CN,/,All,
疟,759F,30111,/,27239,uni759F-CN,uni759F-CN,/,All,
疠,75A0,30112,/,27240,uni75A0-CM,uni75A0-CN,/,All,
疡,75A1,30113,/,27241,uni75A1-CN,uni75A1-CN,/,All,
疮,75AE,30126,/,27262,uni75AE-CN,uni75AE-CN,/,All,
疯,75AF,30127,/,27263,uni75AF-CN,uni75AF-CN,/,All,
痈,75C8,30152,/,27312,uni75C8-CN,uni75C8-CN,/,All,
痉,75C9,30153,/,27314,uni75C9-CN,uni75C9-CN,/,All,
痊,75CA,30154,E0102,27316,uni75CA-CM,uni75CA-CN,Hanyo-Denshi,CM,
痨,75E8,30184,/,27381,uni75E8-CM,uni75E8-CN,/,All,
痪,75EA,30186,/,27384,uni75EA-CN,uni75EA-CN,/,All,
瘀,7600,30208,E0102,27426,uni7600-CL,uni7600-CN,Hanyo-Denshi,All,
瘟,761F,30239,E0102,27493,uni7601-CL,uni761F-CN,Hanyo-Denshi,CM,
瘪,762A,30250,/,27525,uni762A-CN,uni762A-CN,/,All,
瘫,762B,30251,/,27526,uni762B-CN,uni762B-CN,/,All,
瘾,763E,30270,E01EA,27665,uni763E-CM,uni766E-CN,PUA,CM,
瘾,763E,30270,E01EB,27565,uni763E-CN,uni763E-CN,PUA,"CL,M",
癒,7652,30290,E01EA,27606,uni7652-CM,uni7652-TW,PUA,CM,
癢,7662,30306,E0102,27638,uni7662-CM,uni7662-CN,Hanyo-Denshi,CM,
癣,7663,30307,/,27640,uni7663-CN,uni7663-CN,/,All,
癫,766B,30315,/,27658,uni766B-CN,uni766B-CN,/,All,
癲,7672,30322,E0104,27675,uni7672-M,uni7672-HK,Hanyo-Denshi,"M,CM",
监,76D1,30417,/,27818,uni76D1-CN,uni76D1-CN,/,All,
盘,76D8,30424,/,27828,uni76D8-CN,uni76D8-CN,/,All,
瞇,7787,30599,E0100,28104,uni7787-CL,uni7787-TW,Hanyo-Denshi,All,
瞎,778E,30606,E01EA,28123,uni778E-CM,uni778E-TW,PUA,CM,
矿,77FF,30719,/,28316,uni77FF-CN,uni77FF-CN,/,All,
砸,7838,30776,/,28401,uni7838-CL,uni7838-CN,/,All,
础,7840,30784,/,28412,uni7840-CN,uni7840-CN,/,All,
碉,7889,30857,E01EA,28510,uni7889-CL,uni7889-TW,PUA,CL,
碳,78B3,30899,E01EA,28577,uni78B3-CL,uni78B3-TW,PUA,All,
磚,78DA,30938,E01EA,28649,uni78DA-CM,uni78D7-HK,PUA,CM,
礦,7926,31014,E0102,28778,uni7926-CM,uni7926-CN,Hanyo-Denshi,CM,
祆,7946,31046,E0102,28841,uni7946-M,uni7946-CN,Hanyo-Denshi,"M,CM",
祕,7955,31061,E0102,28868,uni7955-M,uni7955-CN,Hanyo-Denshi,M,
祗,7957,31063,E0102,28872,uni7957-M,uni7957-CN,Hanyo-Denshi,"M,CM",
祚,795A,31066,E0102,28878,uni795A-M,uni795A-CN,Hanyo-Denshi,"M,CM",
祠,7960,31072,E0102,28890,uni7960-M,uni7960-CN,Hanyo-Denshi,"M,CM",
祸,7978,31096,/,28930,uni7978-CN,uni7978-CN,/,All,
祺,797A,31098,E0102,28934,uni797A-M,uni797A-CN,Hanyo-Denshi,"M,CM",
祿,797F,31103,E0102,28944,uni797F-M,uni797F-CN,Hanyo-Denshi,M,
禄,7984,31108,E0103,28956,uni7984-CL,uni7984-CN,Hanyo-Denshi,CL,
禅,7985,31109,E0102,28958,uni7985-CN,uni7985-CN,Hanyo-Denshi,M,
禪,79AA,31146,E0102,29032,uni79AA-M,uni79AA-CN,Hanyo-Denshi,"M,CM",
穷,7A77,31351,/,29397,uni7A77-CN,uni7A77-CN,/,All,
窍,7A8D,31373,/,29455,uni7A8D-CM,uni7A8D-CN,/,All,
窜,7A9C,31388,/,29494,uni7A9C-CN,uni7A9C-CN,/,All,
窝,7A9D,31389,/,29495,uni7A9D-CN,uni7A9D-CN,/,All,
窥,7AA5,31397,/,29512,uni7AA5-CN,uni7AA5-CN,/,All,
竖,7AD6,31446,/,29634,uni7AD6-CN,uni7AD6-CN,/,All,
竞,7ADE,31454,/,29650,uni7ADE-CN,uni7ADE-CN,/,All,
签,7B7E,31614,/,29964,uni7B7E-CN,uni7B7E-CN,/,All,
篆,7BC6,31686,E01EA,30109,uni7BC6-CM,uni7BC6-TW,PUA,CM,
篓,7BD3,31699,/,30138,uni7BD3-CM,uni7BD3-CN,/,All,
篮,7BEE,31726,/,30199,uni7BEE-CN,uni7BEE-CN,/,All,
篱,7BF1,31729,/,30204,uni7BF1-CN,uni7BF1-CN,/,All,
簽,7C3D,31805,E01EA,30372,uni7C3D-CM,uni7C3D-TW,PUA,CM,
籟,7C5F,31839,E0102,30453,uni7C5F-CM,uni7C5F-TW,Hanyo-Denshi,CM,
粵,7CB5,31925,/,30634,uni7CB5-CL,uni7CB5-CN,/,All,
糜,7CDC,31964,E0102,30726,uni7CDC-CM,uni7CDC-CN,Hanyo-Denshi,CM,
糹,7CF9,31993,/,30793,uni7CF9-CL,uni7CF9-CN,/,All,
紧,7D27,32039,/,30887,uni7D27-CN,uni7D27-CN,/,All,
綏,7D8F,32143,E0102,31092,uni7D8F-CM,uni7D8F-TW,Hanyo-Denshi,CM,
綵,7DB5,32181,E0102,31175,uni7DB5-CM,uni7DB5-CN,Hanyo-Denshi,CM,
緼,7DFC,32252,/,31331,uni7DFC-CL,uni7DFC-CN,/,All,
緾,7DFE,32254,/,31333,uni7DFE-CL,uni7DFE-CN,/,All,
縊,7E0A,32266,E0102,31355,uni7E0A-M,uni7E0A-CN,Hanyo-Denshi,"M,CM",
繆,7E46,32326,E0102,31487,uni7E46-M,uni7E46-CN,Hanyo-Denshi,"M,CM",
繞,7E5E,32350,E01EA,31544,uni7E5E-CM,uni7E5E-CN,PUA,CM,
纠,7EA0,32416,/,31691,uni7EA0-CN,uni7EA0-CN,/,All,
红,7EA2,32418,/,31693,uni7EA2-CN,uni7EA2-CN,/,All,
纣,7EA3,32419,/,31694,uni7EA3-CN,uni7EA3-CN,/,All,
纤,7EA4,32420,/,31695,uni7EA4-CN,uni7EA4-CN,/,All,
约,7EA6,32422,/,31697,uni7EA6-CN,uni7EA6-CN,/,All,
级,7EA7,32423,/,31698,uni7EA7-CN,uni7EA7-CN,/,All,
纪,7EAA,32426,/,31701,uni7EAA-CN,uni7EAA-CN,/,All,
纫,7EAB,32427,/,31702,uni7EAB-CN,uni7EAB-CN,/,All,
纬,7EAC,32428,/,31703,uni7EAC-CN,uni7EAC-CN,/,All,
纯,7EAF,32431,/,31706,uni7EAF-CN,uni7EAF-CN,/,All,
纱,7EB1,32433,/,31708,uni7EB1-CN,uni7EB1-CN,/,All,
纲,7EB2,32434,/,31709,uni7EB2-CN,uni7EB2-CN,/,All,
纳,7EB3,32435,/,31710,uni7EB3-CN,uni7EB3-CN,/,All,
纵,7EB5,32437,/,31712,uni7EB5-CN,uni7EB5-CN,/,All,
纷,7EB7,32439,/,31714,uni7EB7-CN,uni7EB7-CN,/,All,
纸,7EB8,32440,/,31715,uni7EB8-CN,uni7EB8-CN,/,All,
纹,7EB9,32441,/,31716,uni7EB9-CN,uni7EB9-CN,/,All,
纺,7EBA,32442,/,31717,uni7EBA-CN,uni7EBA-CN,/,All,
纽,7EBD,32445,/,31720,uni7EBD-CN,uni7EBD-CN,/,All,
线,7EBF,32447,/,31722,uni7EBF-CN,uni7EBF-CN,/,All,*可能区分
练,7EC3,32451,/,31726,uni7EC3-CN,uni7EC3-CN,/,All,
组,7EC4,32452,/,31727,uni7EC4-CN,uni7EC4-CN,/,All,
绅,7EC5,32453,/,31728,uni7EC5-CN,uni7EC5-CN,/,All,
细,7EC6,32454,/,31729,uni7EC6-CN,uni7EC6-CN,/,All,
织,7EC7,32455,/,31730,uni7EC7-CN,uni7EC7-CN,/,All,
终,7EC8,32456,/,31731,uni7EC8-CN,uni7EC8-CN,/,All,
绊,7ECA,32458,/,31733,uni7ECA-CN,uni7ECA-CN,/,All,
绍,7ECD,32461,/,31736,uni7ECD-CN,uni7ECD-CN,/,All,
绎,7ECE,32462,/,31737,uni7ECE-CN,uni7ECE-CN,/,All,
经,7ECF,32463,/,31738,uni7ECF-CN,uni7ECF-CN,/,All,*可能区分
绑,7ED1,32465,/,31740,uni7ED1-CN,uni7ED1-CN,/,All,
绒,7ED2,32466,/,31741,uni7ED2-CN,uni7ED2-CN,/,All,
结,7ED3,32467,/,31742,uni7ED3-CN,uni7ED3-CN,/,All,
绕,7ED5,32469,/,31744,uni7ED5-CN,uni7ED5-CN,/,All,
绘,7ED8,32472,/,31747,uni7ED8-CN,uni7ED8-CN,/,All,
给,7ED9,32473,/,31748,uni7ED9-CN,uni7ED9-CN,/,All,
绚,7EDA,32474,/,31749,uni7EDA-CN,uni7EDA-CN,/,All,
络,7EDC,32476,/,31751,uni7EDC-CN,uni7EDC-CN,/,All,
绝,7EDD,32477,/,31752,uni7EDD-CN,uni7EDD-CN,/,All,
绞,7EDE,32478,/,31753,uni7EDE-CN,uni7EDE-CN,/,All,
统,7EDF,32479,/,31754,uni7EDF-CN,uni7EDF-CN,/,All,
绢,7EE2,32482,/,31757,uni7EE2-CN,uni7EE2-CN,/,All,
绣,7EE3,32483,/,31758,uni7EE3-CN,uni7EE3-CN,/,All,
继,7EE7,32487,/,31762,uni7EE7-CN,uni7EE7-CN,/,All,
绩,7EE9,32489,/,31764,uni7EE9-CN,uni7EE9-CN,/,All,
绪,7EEA,32490,/,31765,uni7EEA-CN,uni7EEA-CN,/,All,
续,7EED,32493,/,31768,uni7EED-CN,uni7EED-CN,/,All,
绰,7EF0,32496,/,31771,uni7EF0-CN,uni7EF0-CN,/,All,
绳,7EF3,32499,/,31774,uni7EF3-CN,uni7EF3-CN,/,All,
维,7EF4,32500,/,31775,uni7EF4-CN,uni7EF4-CN,/,All,
绵,7EF5,32501,/,31776,uni7EF5-CN,uni7EF5-CN,/,All,
绷,7EF7,32503,/,31778,uni7EF7-CN,uni7EF7-CN,/,All,
绸,7EF8,32504,/,31779,uni7EF8-CN,uni7EF8-CN,/,All,
综,7EFC,32508,/,31783,uni7EFC-CN,uni7EFC-CN,/,All,
绽,7EFD,32509,/,31784,uni7EFD-CN,uni7EFD-CN,/,All,
绿,7EFF,32511,/,31786,uni7EFF-CN,uni7EFF-CN,/,All,
缀,7F00,32512,/,31787,uni7F00-CN,uni7F00-CN,/,All,
缅,7F05,32517,/,31792,uni7F05-CN,uni7F05-CN,/,All,
缆,7F06,32518,/,31793,uni7F06-CN,uni7F06-CN,/,All,
缉,7F09,32521,/,31796,uni7F09-CN,uni7F09-CN,/,All,
缎,7F0E,32526,/,31801,uni7F0E-CN,uni7F0E-CN,/,All,
缓,7F13,32531,/,31806,uni7F13-CN,uni7F13-CN,/,All,
缔,7F14,32532,/,31807,uni7F14-CN,uni7F14-CN,/,All,
缕,7F15,32533,/,31808,uni7F15-CN,uni7F15-CN,/,All,
编,7F16,32534,/,31809,uni7F16-CN,uni7F16-CN,/,All,
缘,7F18,32536,/,31811,uni7F18-CN,uni7F18-CN,/,All,*可能区分
缚,7F1A,32538,/,31813,uni7F1A-CN,uni7F1A-CN,/,All,
缝,7F1D,32541,/,31816,uni7F1D-CN,uni7F1D-CN,/,All,
缠,7F20,32544,/,31819,uni7F20-CN,uni7F20-CN,/,All,
缤,7F24,32548,/,31823,uni7F24-CN,uni7F24-CN,/,All,
缩,7F29,32553,/,31828,uni7F29-CN,uni7F29-CN,/,All,
缭,7F2D,32557,/,31832,uni7F2D-CN,uni7F2D-CN,/,All,
缰,7F30,32560,/,31835,uni7F30-CN,uni7F30-CN,/,All,
缴,7F34,32564,/,31839,uni7F34-CN,uni7F34-CN,/,All,
罈,7F48,32584,E0101,31884,uni7F48-CL,uni7F48-TW,Hanyo-Denshi,All,
罗,7F57,32599,/,31916,uni7F57-CN,uni7F57-CN,/,All,
罚,7F5A,32602,/,31919,uni7F5A-CN,uni7F5A-CN,/,All,
罢,7F62,32610,/,31931,uni7F62-CN,uni7F62-CN,/,All,
翎,7FCE,32718,E01EA,32142,uni7FCE-M,uni7FCE-CN,PUA,"M,CM",
翕,7FD5,32725,E0102,32159,uni7FD5-M,uni7FD5-CN,Hanyo-Denshi,"M,CM",
翟,7FDF,32735,E01EA,32178,uni7FDF-M,uni7FDF-CN,PUA,"M,CM",
翡,7FE1,32737,E0104,32184,uni7FE1-CM,uni7FE1-CN,Hanyo-Denshi,CM,
翩,7FE9,32745,E01EA,32208,uni7FE9-M,uni7FE9-TW,PUA,M,
翱,7FF1,32753,E0101,32230,uni7FF1-CL,uni7FF1-TW,MSARG,CL,
翳,7FF3,32755,E0102,32236,uni7FF3-M,uni7FF3-CN,Hanyo-Denshi,"M,CM",
翹,7FF9,32761,E01EA,32250,uni7FF9-CM,uni7FF9-TW,PUA,CM,
翺,7FFA,32762,E0101,32252,uni7FFA-M,uni7FFA-CN,MSARG,M,
耀,8000,32768,E01EA,32269,uni8000-M,uni8000-CN,PUA,"M,CM",
耘,8018,32792,E0102,32312,uni8018-CM,uni8018-CN,Hanyo-Denshi,CM,
职,804C,32844,/,32417,uni804C-CN,uni804C-CN,/,All,
联,8054,32852,/,32429,uni8054-CM,uni8054-CN,/,All,
聪,806A,32874,/,32474,uni806A-CN,uni806A-CN,/,All,
肮,80AE,32942,/,32611,uni80AE-CN,uni80AE-CN,/,All,
胀,80C0,32960,/,32647,uni80C0-CN,uni80C0-CN,/,All,
脏,810F,33039,/,32811,uni810F-CN,uni810F-CN,/,All,
脐,8110,33040,/,32812,uni8110-CN,uni8110-CN,/,All,
脑,8111,33041,/,32813,uni8111-CM,uni8111-CN,/,All,
脓,8113,33043,/,32816,uni8113-CN,uni8113-CN,/,All,
脸,8138,33080,/,32890,uni8138-CN,uni8138-CN,/,All,
腾,817E,33150,/,33037,uni817E-CN,uni817E-CN,/,All,
膠,81A0,33184,E0102,33115,uni81A0-M,uni81A0-CN,Hanyo-Denshi,"M,CM",
臉,81C9,33225,E01EA,33213,uni81C9-CM,uni81C9-TW,PUA,CM,
舰,8230,33328,/,33440,uni8230-CN,uni8230-CN,/,All,
舱,8231,33329,/,33441,uni8231-CN,uni8231-CN,/,All,
艘,8258,33368,E0104,33539,uni8258-CM,uni8258-CN,Hanyo-Denshi,CM,
艰,8270,33392,/,33603,uni8270-CN,uni8270-CN,/,All,
苍,82CD,33485,/,33791,uni8271-CN,uni82CD-CN,/,All,
荃,8343,33603,E0103,34043,uni8343-CM,uni8343-CN,Hanyo-Denshi,CM,
药,836F,33647,/,34119,uni836F-CN,uni836F-CN,/,All,
莲,83B2,33714,/,34263,uni83B2-CN,uni83B2-CN,/,All,
菸,83F8,33784,E0103,34411,uni83F8-CL,uni83F8-CN,Hanyo-Denshi,All,
萝,841D,33821,/,34493,uni841D-CN,uni841D-CN,/,All,
萦,8426,33830,/,34505,uni8426-CM,uni8426-CN,/,All,
萨,8428,33832,/,34507,uni8428-CM,uni8428-CN,/,All,
蒋,848B,33931,E0102,34748,uni848B-CM,uni8490-CN,Hanyo-Denshi,"CL,CM",
蓝,84DD,34013,/,34937,uni84DD-CN,uni84DD-CN,/,All,
蔓,8513,34067,E0103,35064,uni8513-CL,uni8513-TW,Hanyo-Denshi,CL,
蔼,853C,34108,/,35165,uni853C-CN,uni853C-CN,/,All,
蕴,8574,34164,/,35297,uni8574-CN,uni8574-CN,/,All,
蘑,8611,34321,E01EA,35684,uni8611-CM,uni8611-CN,PUA,CM,
蚀,8680,34432,/,35926,uni8680-CN,uni8680-CN,/,All,
螂,8782,34690,E0104,36333,uni8782-M,uni8782-CN,Hanyo-Denshi,"M,CM",
蟀,87C0,34752,E0102,36454,uni87C0-M,uni87C0-CN,Hanyo-Denshi,"M,CM",
蟯,87EF,34799,E01EA,36534,uni87EF-CM,uni87EE-HK,PUA,CM,
衔,8854,34900,/,36722,uni8854-CN,uni8854-CN,/,All,
补,8865,34917,/,36749,uni8865-CN,uni8865-CN,/,All,
衬,886C,34924,/,36760,uni886C-CN,uni886C-CN,/,All,
袄,8884,34948,/,36808,uni8884-CN,uni8884-CN,/,All,
袭,88AD,34989,/,36874,uni88AD-CN,uni88AD-CN,/,All,
裤,88E4,35044,/,36984,uni88E4-CN,uni88E4-CN,/,All,
褚,891A,35098,E01EA,37102,uni891A-M,uni891A-CN,PUA,"M,CM",
褛,891B,35099,/,37103,uni891B-CM,uni891B-CN,/,All,
褶,8936,35126,E0102,37163,uni8936-M,uni8936-CN,Hanyo-Denshi,"M,CM",
覈,8988,35208,E0102,37343,uni8988uE0102-CL,uni8988-CN,Hanyo-Denshi,All,
覦,89A6,35238,E0102,37385,uni89A6-M,uni89A6-CN,Hanyo-Denshi,M,
覦,89A6,35238,E01EA,37386,uni89A6-CM,uni89A6-TW,PUA,CM,
视,89C6,35270,/,37436,uni89C6-CN,uni89C6-CN,/,All,
览,89C8,35272,/,37438,uni89C8-CN,uni89C8-CN,/,All,
觎,89CE,35278,/,37444,uni89CE-CN,uni89CE-CN,/,All,
訥,8A25,35365,E0102,37621,uni8A25-CM,uni8A25-CN,Hanyo-Denshi,CM,
誊,8A8A,35466,/,37819,uni8A8A-CN,uni8A8A-CN,/,All,
誤,8AA4,35492,E0103,37873,uni8AA4uE0103-JP,uni8AA4-CN,Hanyo-Denshi,IVS,
諂,8AC2,35522,E01EA,37934,uni8AC2-CM,uni8AC2-CN,PUA,CM,
諍,8ACD,35533,E0102,37960,uni8ACDuE0102-JP,uni8ACD-TW,Hanyo-Denshi,IVS,
諍,8ACD,35533,E0103,37959,uni8ACD-CM,uni8ACD-CN,Hanyo-Denshi,CM,
諭,8AED,35565,E01EA,38027,uni8AED-CM,uni8AED-CN,PUA,CM,
謊,8B0A,35594,E01EA,38093,uni8B0A-M,uni8B0A-CN,PUA,"M,CM",
謡,8B21,35617,E01EA,38153,uni8B21-CM,uni8B21-CN,PUA,All,
讠,8BA0,35744,/,38429,uni8BA0-CN,uni8BA0-CN,/,All,
计,8BA1,35745,/,38430,uni8BA1-CN,uni8BA1-CN,/,All,
订,8BA2,35746,/,38431,uni8BA2-CN,uni8BA2-CN,/,All,
讣,8BA3,35747,/,38432,uni8BA3-CN,uni8BA3-CN,/,All,
认,8BA4,35748,/,38433,uni8BA4-CN,uni8BA4-CN,/,All,
讥,8BA5,35749,/,38434,uni8BA5-CN,uni8BA5-CN,/,All,
讧,8BA7,35751,/,38436,uni8BA7-CN,uni8BA7-CN,/,All,
讨,8BA8,35752,/,38437,uni8BA8-CN,uni8BA8-CN,/,All,
让,8BA9,35753,/,38438,uni8BA9-CN,uni8BA9-CN,/,All,
讪,8BAA,35754,/,38439,uni8BAA-CN,uni8BAA-CN,/,All,
训,8BAD,35757,/,38442,uni8BAD-CN,uni8BAD-CN,/,All,
议,8BAE,35758,/,38443,uni8BAE-CN,uni8BAE-CN,/,All,
讯,8BAF,35759,/,38444,uni8BAF-CN,uni8BAF-CN,/,All,
记,8BB0,35760,/,38445,uni8BB0-CN,uni8BB0-CN,/,All,
讲,8BB2,35762,/,38447,uni8BB2-CN,uni8BB2-CN,/,All,
讳,8BB3,35763,/,38448,uni8BB3-CN,uni8BB3-CN,/,All,
讶,8BB6,35766,/,38451,uni8BB6-CN,uni8BB6-CN,/,All,
许,8BB8,35768,/,38453,uni8BB8-CN,uni8BB8-CN,/,All,
讹,8BB9,35769,/,38454,uni8BB9-CN,uni8BB9-CN,/,All,
论,8BBA,35770,/,38455,uni8BBA-CN,uni8BBA-CN,/,All,
讼,8BBC,35772,/,38457,uni8BBC-CN,uni8BBC-CN,/,All,
讽,8BBD,35773,/,38458,uni8BBD-CN,uni8BBD-CN,/,All,
设,8BBE,35774,/,38459,uni8BBE-CN,uni8BBE-CN,/,All,
访,8BBF,35775,/,38460,uni8BBF-CN,uni8BBF-CN,/,All,
诊,8BCA,35786,/,38471,uni8BCA-CN,uni8BCA-CN,/,All,
诞,8BDE,35806,/,38491,uni8BDE-CN,uni8BDE-CN,/,All,
该,8BE5,35813,/,38498,uni8BE5-CN,uni8BE5-CN,/,All,
语,8BED,35821,/,38506,uni8BED-CN,uni8BED-CN,/,All,
误,8BEF,35823,/,38508,uni8BEF-CN,uni8BEF-CN,/,All,
诱,8BF1,35825,/,38510,uni8BF1-CN,uni8BF1-CN,/,All,
诲,8BF2,35826,/,38511,uni8BF2-CN,uni8BF2-CN,/,All,
说,8BF4,35828,/,38513,uni8BF4-CN,uni8BF4-CN,/,All,
诽,8BFD,35837,/,38522,uni8BFD-CN,uni8BFD-CN,/,All,
谁,8C01,35841,/,38526,uni8C01-CN,uni8C01-CN,/,All,
谅,8C05,35845,/,38530,uni8C05-CN,uni8C05-CN,/,All,
谆,8C06,35846,/,38531,uni8C06-CN,uni8C06-CN,/,All,
谊,8C0A,35850,/,38535,uni8C0A-CN,uni8C0A-CN,/,All,
谎,8C0E,35854,/,38539,uni8C0E-CN,uni8C0E-CN,/,All,
谐,8C10,35856,/,38541,uni8C10-CN,uni8C10-CN,/,All,
谚,8C1A,35866,/,38551,uni8C1A-CN,uni8C1A-CN,/,All,
谜,8C1C,35868,/,38553,uni8C1C-CN,uni8C1C-CN,/,All,
谢,8C22,35874,/,38559,uni8C22-CN,uni8C22-CN,/,All,
谣,8C23,35875,/,38560,uni8C23-CN,uni8C23-CN,/,All,
谤,8C24,35876,/,38561,uni8C24-CN,uni8C24-CN,/,All,
谬,8C2C,35884,/,38569,uni8C2C-CN,uni8C2C-CN,/,All,
谴,8C34,35892,/,38577,uni8C34-CN,uni8C34-CN,/,All,
豁,8C41,35905,E0103,38602,uni8C41-CL,uni8C41-CN,Hanyo-Denshi,"CL,M",
豢,8C62,35938,E0102,38664,uni8C62-M,uni8C62-CN,Hanyo-Denshi,M,
豬,8C6C,35948,E0102,38682,uni8C6C-M,uni8C6C-CN,Hanyo-Denshi,M,
账,8D26,36134,/,38989,uni8D26-CN,uni8D26-CN,/,All,
贩,8D29,36137,/,38992,uni8D29-CN,uni8D29-CN,/,All,
贪,8D2A,36138,/,38993,uni8D2A-CN,uni8D2A-CN,/,All,
贫,8D2B,36139,/,38994,uni8D2B-CN,uni8D2B-CN,/,All,
贬,8D2C,36140,/,38995,uni8D2C-CN,uni8D2C-CN,/,All,
购,8D2D,36141,/,38996,uni8D2D-CN,uni8D2D-CN,/,All,
贮,8D2E,36142,/,38997,uni8D2E-CN,uni8D2E-CN,/,All,
贱,8D31,36145,/,39000,uni8D31-CN,uni8D31-CN,/,All,*可能区分
贸,8D38,36152,/,39007,uni8D38-CN,uni8D38-CN,/,All,
费,8D39,36153,/,39008,uni8D39-CN,uni8D39-CN,/,All,
贻,8D3B,36155,/,39010,uni8D3B-CN,uni8D3B-CN,/,All,
赃,8D43,36163,/,39018,uni8D43-CN,uni8D43-CN,/,All,
资,8D44,36164,/,39019,uni8D44-CN,uni8D44-CN,/,All,
赔,8D54,36180,/,39035,uni8D54-CN,uni8D54-CN,/,All,
赛,8D5B,36187,/,39042,uni8D5B-CN,uni8D5B-CN,/,All,
赞,8D5E,36190,/,39045,uni8D5E-CN,uni8D5E-CN,/,All,
赡,8D61,36193,/,39048,uni8D61-CN,uni8D61-CN,/,All,
赢,8D62,36194,/,39049,uni8D62-CN,uni8D62-CN,/,All,
赣,8D63,36195,/,39050,uni8D63-CN,uni8D63-CN,/,All,
趴,8DB4,36276,E01EA,39179,uni8DB4-CL,uni8DB4-TW,PUA,All,
跺,8DFA,36346,/,39277,uni8DFA-CL,uni8DFA-CN,/,All,
踩,8E29,36393,E01EA,39353,uni8E29-CL,uni8E2A-CN,PUA,"CL,M",
蹊,8E4A,36426,E0103,39408,uni8E4A-CM,uni8E4A-CN,Hanyo-Denshi,CM,
蹋,8E4B,36427,E0102,39412,uni8E4B-CL,uni8E4B-TW,Hanyo-Denshi,CL,
蹦,8E66,36454,E01EA,39463,uni8E66-CL,uni8E65-TW,PUA,"CL,CM",
躍,8E8D,36493,E01EA,39538,uni8E8D-M,uni8E8D-CN,PUA,"M,CM",
躏,8E8F,36495,/,39541,uni8E8F-CN,uni8E8F-CN,/,All,
躲,8EB2,36530,/,39615,uni8EB2-CL,uni8EB2-CN,/,All,
躺,8EBA,36538,E01EA,39629,uni8EBA-CL,uni8EBA-CN,PUA,CL,
輸,8F38,36664,E01EA,39831,uni8F38-CM,uni8F38-CN,PUA,CM,
轄,8F44,36676,E01EA,39854,uni8F44-CM,uni8F44-CN,PUA,CM,
轉,8F49,36681,E0102,39874,uni8F49-CM,uni8F4D-TW,Hanyo-Denshi,CM,
车,8F66,36710,/,39922,uni8F66-CN,uni8F66-CN,/,All,*偏旁待製作
轮,8F6E,36718,/,39930,uni8F6E-CN,uni8F6E-CN,/,All,
软,8F6F,36719,/,39931,uni8F6F-CN,uni8F6F-CN,/,All,
轻,8F7B,36731,/,39943,uni8F7B-CN,uni8F7B-CN,/,All,*可能区分
较,8F83,36739,/,39951,uni8F83-CN,uni8F83-CN,/,All,
辈,8F88,36744,/,39956,uni8F88-CN,uni8F88-CN,/,All,
辉,8F89,36745,/,39957,uni8F89-CN,uni8F89-CN,/,All,
输,8F93,36755,/,39967,uni8F93-CN,uni8F93-CN,/,All,
辖,8F96,36758,/,39970,uni8F96-CN,uni8F96-CN,/,All,
辗,8F97,36759,/,39971,uni8F97-CN,uni8F97-CN,/,All,
辙,8F99,36761,/,39973,uni8F99-CN,uni8F99-CN,/,All,
辩,8FA9,36777,/,40004,uni8FA9-CN,uni8FA9-CN,/,All,
辫,8FAB,36779,/,40006,uni8FAB-CN,uni8FAB-CN,/,All,
边,8FB9,36793,/,40038,uni8FB9-CM,uni8FB9-CN,/,All,
辺,8FBA,36794,E0102,40041,uni8FBAuE0102-JP,uni8FBA-CN,Hanyo-Denshi,All,
辽,8FBD,36797,/,40049,uni8FBD-CN,uni8FBD-CN,/,All,
过,8FC7,36807,/,40075,uni8FC7-CN,uni8FC7-CN,/,All,
迈,8FC8,36808,E01EA,40077,uni8FC8-CN,uni8FC8-CN,PUA,All,
还,8FD8,36824,/,40120,uni8FD8-CN,uni8FD8-CN,/,All,
这,8FD9,36825,/,40121,uni8FD9-CN,uni8FD9-CN,PUA,All,
进,8FDB,36827,/,40125,uni8FDB-CN,uni8FDB-CN,/,All,
远,8FDC,36828,/,40126,uni8FDC-CN,uni8FDC-CN,/,All,
违,8FDD,36829,/,40127,uni8FDD-CN,uni8FDD-CN,/,All,
连,8FDE,36830,/,40128,uni8FDE-CN,uni8FDE-CN,/,All,
迟,8FDF,36831,/,40129,uni8FDF-CN,uni8FDF-CN,/,All,
述,8FF0,36848,E01EA,40175,uni8FF0-CM,uni8FF0-TW,PUA,CM,
迳,8FF3,36851,/,40180,uni8FF3-CM,uni8FF3-CN,/,All,*可能区分
送,9001,36865,E01EA,40221,uni9001-M,uni9001-CN,PUA,"M,CM",
选,9009,36873,/,40242,uni9009-CN,uni9009-CN,/,All,
逊,900A,36874,/,40243,uni900A-CN,uni900A-CN,/,All,
逍,900D,36877,E01EA,40251,uni900D-CN,uni900D-CN,PUA,"M,CM",
递,9012,36882,/,40265,uni9012-CN,uni9012-CN,/,All,
逓,9013,36883,E0102,40268,uni9013-CM,uni9013-CN,Hanyo-Denshi,All,
逞,901E,36894,E0104,40299,uni901E-CL,uni901E-CN,Hanyo-Denshi,"CL,M",
逻,903B,36923,/,40375,uni9014-CM,uni903B-CN,/,All,
逾,903E,36926,E01EA,40382,uni903E-M,uni903E-CN,PUA,M,
逾,903E,36926,E01EB,40383,uni903E-CM,uni903E-TW,PUA,CM,
逾,903E,36926,E0103,40384,uni903EuE0103-JP,uni903E-HK,Hanyo-Denshi,IVS,
遂,9042,36930,E01EA,40393,uni9042-M,uni9042-CN,PUA,"M,CM",
遅,9045,36933,E0102,40401,uni9045-CM,uni9045-CN,Hanyo-Denshi,All,
遍,904D,36941,E01EA,40422,uni9046-CM,uni904D-TW,PUA,CM,
遗,9057,36951,/,40454,uni9057-CN,uni9057-CN,/,All,
遥,9065,36965,E01EA,40492,uni9065-CM,uni9065-CN,PUA,All,
遵,9075,36981,E01EA,40536,uni9075-M,uni9075-TW,PUA,"M,CM",
邻,90BB,37051,/,40680,uni90BB-CN,uni90BB-CN,/,All,
鄉,9109,37129,/,40799,uni9109-M,uni9109-CN,/,All,
酌,914C,37196,E0103,40932,uni914C-CL,uni914C-TW,Hanyo-Denshi,CL,
酝,915D,37213,/,40968,uni915D-CN,uni915D-CN,/,All,
酿,917F,37247,/,41040,uni917F-CN,uni917F-CN,/,All,
醣,91A3,37283,/,41119,uni91A3-CL,uni91A3-CN,/,All,
醤,91A4,37284,E0102,41141,uni91A4-CM,uni91AC-CN,Hanyo-Denshi,CM,
釒,91D2,37330,/,41229,uni91D2-CL,uni91D2-CN,/,All,
鈉,9209,37385,E0102,41327,uni9209-CM,uni9209-CN,Hanyo-Denshi,CM,
鉴,9274,37492,/,41526,uni9274-CN,uni9274-CN,/,All,
銓,9293,37523,E0102,41588,uni9293-CM,uni9293-CN,Hanyo-Denshi,CM,
銬,92AC,37548,/,41635,uni92AC-CL,uni92AC-CN,/,All,
銷,92B7,37559,E0102,41655,uni92B7-M,uni92B7-CN,Hanyo-Denshi,"M,CM",
鋁,92C1,37569,E01EA,41676,uni92C1-CM,uni92C1-CN,PUA,CM,
錚,931A,37658,E0102,41853,uni931A-CM,uni931A-CN,Hanyo-Denshi,CM,
錚,931A,37658,E0103,41854,uni931AuE0103-JP,uni931A-TW,Hanyo-Denshi,IVS,
鍰,9370,37744,E01EA,42028,uni9370-CM,uni9370-CN,PUA,CM,
鏟,93DF,37855,E01EA,42257,uni93DF-CM,uni93DF-CN,PUA,CM,
鐃,9403,37891,E01EA,42329,uni9403-CM,uni9403-CN,PUA,CM,
鐮,942E,37934,E0102,42409,uni942E-CM,uni942E-CN,Hanyo-Denshi,"M,CM",
鑛,945B,37979,E0102,42500,uni945B-CM,uni945B-CN,Hanyo-Denshi,CM,
钅,9485,38021,/,42587,uni9485-CN,uni9485-CN,/,All,
钙,9499,38041,/,42607,uni9499-CN,uni9499-CN,/,All,
钝,949D,38045,/,42611,uni949D-CN,uni949D-CN,/,All,
钞,949E,38046,/,42612,uni949E-CN,uni949E-CN,/,All,
钦,94A6,38054,/,42620,uni94A6-CN,uni94A6-CN,/,All,
钧,94A7,38055,/,42621,uni94A7-CN,uni94A7-CN,/,All,
钩,94A9,38057,/,42623,uni94A9-CN,uni94A9-CN,/,All,
钮,94AE,38062,/,42628,uni94AE-CN,uni94AE-CN,/,All,
钱,94B1,38065,/,42631,uni94B1-CN,uni94B1-CN,/,All,
铁,94C1,38081,/,42647,uni94C1-CN,uni94C1-CN,/,All,
铃,94C3,38083,/,42649,uni94C3-CN,uni94C3-CN,/,All,
铅,94C5,38085,/,42651,uni94C5-CN,uni94C5-CN,/,All,
铐,94D0,38096,/,42662,uni94D0-CN,uni94D0-CN,/,All,
铲,94F2,38130,/,42696,uni94F2-CN,uni94F2-CN,/,All,
银,94F6,38134,/,42700,uni94F6-CN,uni94F6-CN,/,All,
铸,94F8,38136,/,42702,uni94F8-CN,uni94F8-CN,/,All,
链,94FE,38142,/,42708,uni94FE-CN,uni94FE-CN,/,All,
锈,9508,38152,/,42718,uni9508-CN,uni9508-CN,/,All,
锌,950C,38156,/,42722,uni950C-CN,uni950C-CN,/,All,
锐,9510,38160,/,42726,uni9510-CN,uni9510-CN,/,All,
锥,9525,38181,/,42747,uni9525-CN,uni9525-CN,/,All,
键,952E,38190,/,42756,uni952E-CN,uni952E-CN,/,All,
锻,953B,38203,/,42769,uni953B-CN,uni953B-CN,/,All,
镀,9540,38208,/,42774,uni9540-CN,uni9540-CN,/,All,
镇,9547,38215,E01EA,42781,uni9547-CN,uni9547-CN,PUA,"M,CM",
镇,9547,38215,E01EB,42782,uni9547-CL-CN,uni9547-HK,PUA,CL,
镐,9550,38224,/,42791,uni9550-CN,uni9550-CN,/,All,
镑,9551,38225,/,42792,uni9551-CN,uni9551-CN,/,All,
镜,955C,38236,/,42803,uni955C-CN,uni955C-CN,/,All,
镰,9570,38256,/,42823,uni9570-CN,uni9570-CN,/,All,
镶,9576,38262,/,42829,uni9576-CN,uni9576-CN,/,All,
长,957F,38271,/,42842,uni957F-CN,uni957F-CN,/,All,
閻,95BB,38331,E01EA,42933,uni95BB-CM,uni95BB-CN,PUA,CM,
闐,95D0,38352,E0102,42969,uni95D0-M,uni95D0-CN,Hanyo-Denshi,M,
闪,95EA,38378,/,43015,uni95EA-CN,uni95EA-CN,/,All,
闲,95F2,38386,/,43023,uni95F2-CN,uni95F2-CN,/,All,
闹,95F9,38393,/,43030,uni95F9-CN,uni95F9-CN,/,All,
阶,9636,38454,/,43097,uni9636-CN,uni9636-CN,/,All,
陆,9646,38470,/,43119,uni9646-CN,uni9646-CN,/,All,
险,9669,38505,/,43171,uni9669-CN,uni9669-CN,/,All,
随,968F,38543,E01EA,43246,uni968F-CL,uni968F-CN,PUA,All,
隧,96A7,38567,E01EA,43286,uni96A7-M,uni96A7-CN,PUA,"M,CM",
难,96BE,38590,/,43336,uni96BE-CN,uni96BE-CN,/,All,
雏,96CF,38607,/,43371,uni96CF-CN,uni96CF-CN,/,All,
雞,96DE,38622,E01EA,43406,uni96DE-CM,uni96DE-CN,PUA,CM,
靛,975B,38747,E0102,43669,uni975B-M,uni975B-CN,Hanyo-Denshi,"M,CM",
靡,9761,38753,E0102,43688,uni9761-CM,uni9761-CN,Hanyo-Denshi,CM,
響,97FF,38911,E01EA,43959,uni97FF-M,uni97FF-CN,PUA,"M,CM",
顷,9877,39031,/,44150,uni9877-CN,uni9877-CN,/,All,
顽,987D,39037,/,44156,uni987D-CN,uni987D-CN,/,All,
顾,987E,39038,/,44157,uni987E-CN,uni987E-CN,/,All,
顿,987F,39039,/,44158,uni987F-CN,uni987F-CN,/,All,
颁,9881,39041,/,44160,uni9881-CN,uni9881-CN,/,All,
颂,9882,39042,/,44161,uni9882-CN,uni9882-CN,/,All,
领,9886,39046,/,44165,uni9886-CN,uni9886-CN,/,All,
颈,9888,39048,/,44167,uni9888-CN,uni9888-CN,/,All,
颐,9890,39056,/,44175,uni9890-CN,uni9890-CN,/,All,
频,9891,39057,/,44176,uni9891-CN,uni9891-CN,/,All,
颓,9893,39059,/,44178,uni9893-CN,uni9893-CN,/,All,
颜,989C,39068,/,44187,uni989C-CN,uni989C-CN,/,All,
额,989D,39069,/,44188,uni989D-CN,uni989D-CN,/,All,
颠,98A0,39072,/,44191,uni98A0-CM,uni98A0-CN,/,All,
颤,98A4,39076,/,44195,uni98A4-CM,uni98A4-CN,/,All,
颶,98B6,39094,E0102,44228,uni98B6-CM,uni98B6-TW,Hanyo-Denshi,CM,
颼,98BC,39100,E01EB,44243,uni98BC-CM,uni98BC-CN,PUA,CM,
飧,98E7,39143,E01EA,44326,uni98E7-CM,uni98E7-CN,PUA,CM,
飩,98E9,39145,E0102,44330,uni98E9-M,uni98E9-CN,Hanyo-Denshi,"M,CM",
飪,98EA,39146,E0102,44333,uni98EA-M,uni98EA-CN,Hanyo-Denshi,"M,CM",
飽,98FD,39165,E0102,44379,uni98FD-M,uni98FD-CN,Hanyo-Denshi,"M,CM",
餒,9912,39186,E0103,44428,uni9912-M,uni9912-CN,Hanyo-Denshi,M,
餒,9912,39186,E0102,44429,uni9912-CM,uni9912-TW,Hanyo-Denshi,CM,
餞,991E,39198,E0102,44464,uni991E-M,uni991E-CN,Hanyo-Denshi,"M,CM",
餘,9918,39192,E0102,44447,uni9918-M,uni9918-CN,Hanyo-Denshi,"M,CM",
餛,991B,39195,E0102,44456,uni991B-M,uni991B-CN,Hanyo-Denshi,"M,CM",
餡,9921,39201,E01EA,44471,uni9921-CM,uni9921-CN,PUA,CM,
餵,9935,39221,E01EA,44524,uni9935-M,uni9935-CN,PUA,"M,CM",
餸,9938,39224,E01EA,44529,uni9938-CL,uni9938-CN,PUA,CL,
餸,9938,39224,E01EB,44530,uni9938-M,uni9938-HK,PUA,"M,CM",
餾,993E,39230,E0102,44548,uni993E-M,uni993E-CN,Hanyo-Denshi,"M,CM",
餿,993F,39231,E0100,44550,uni993F-CL,uni993F-CN,Hanyo-Denshi,CL,
餿,993F,39231,E0101,44551,uni993F-M,uni993F-TW,Hanyo-Denshi,M,
餿,993F,39231,E01EA,44552,uni993F-CM,uni993F-HK,PUA,CM,
饂,9942,39234,E0103,44558,uni9942uE0103-JP,uni9941-TW,Hanyo-Denshi,IVS,
饂,9942,39234,E0104,44560,uni9942-M,uni9942-CN,Hanyo-Denshi,M,
饂,9942,39234,E0102,44561,uni9942uE0102-JP,uni9942-HK,Hanyo-Denshi,IVS,
饃,9943,39235,E01EA,44562,uni9943-CL,uni9943-CN,PUA,CL,
饃,9943,39235,E01EB,44563,uni9943-M,uni9943-TW,PUA,"M,CM",
饑,9951,39249,E0102,44599,uni9951-M,uni9951-CN,Hanyo-Denshi,"M,CM",
饒,9952,39250,E0102,44602,uni9952-M,uni9952-CN,Hanyo-Denshi,M,
饞,995E,39262,E0102,44635,uni995E-M,uni995E-CN,Hanyo-Denshi,M,
饣,9963,39267,/,44646,uni9963-CN,uni9963-CN,/,All,
饭,996D,39277,/,44656,uni996D-CN,uni996D-CN,/,All,
饮,996E,39278,/,44657,uni996E-CN,uni996E-CN,/,All,
饺,997A,39290,/,44669,uni997A-CN,uni997A-CN,/,All,
馁,9981,39297,/,44676,uni9981-CN,uni9981-CN,/,All,
馅,9985,39301,/,44680,uni9985-CN,uni9985-CN,/,All,
馆,9986,39302,/,44681,uni9986-CN,uni9986-CN,/,All,
馏,998F,39311,/,44690,uni998F-CN,uni998F-CN,/,All,
馿,99BF,39359,E01EA,44772,uni99BF-CM,uni99BF-CN,PUA,CM,
马,9A6C,39532,/,45072,uni9A6C-CN,uni9A6C-CN,/,All,
驭,9A6D,39533,/,45073,uni9A6D-CN,uni9A6D-CN,/,All,
驮,9A6E,39534,/,45074,uni9A6E-CN,uni9A6E-CN,/,All,
驯,9A6F,39535,/,45075,uni9A6F-CN,uni9A6F-CN,/,All,
驰,9A70,39536,/,45076,uni9A70-CN,uni9A70-CN,/,All,
驱,9A71,39537,/,45077,uni9A71-CN,uni9A71-CN,/,All,
驳,9A73,39539,/,45079,uni9A73-CN,uni9A73-CN,/,All,
驴,9A74,39540,/,45080,uni9A74-CN,uni9A74-CN,/,All,
驶,9A76,39542,/,45082,uni9A76-CN,uni9A76-CN,/,All,
驹,9A79,39545,/,45085,uni9A79-CN,uni9A79-CN,/,All,
驻,9A7B,39547,/,45087,uni9A7B-CN,uni9A7B-CN,/,All,
驼,9A7C,39548,/,45088,uni9A7C-CN,uni9A7C-CN,/,All,
驿,9A7F,39551,/,45091,uni9A7F-CN,uni9A7F-CN,/,All,
骄,9A84,39556,/,45096,uni9A84-CN,uni9A84-CN,/,All,
骆,9A86,39558,/,45098,uni9A86-CN,uni9A86-CN,/,All,
骇,9A87,39559,/,45099,uni9A87-CN,uni9A87-CN,/,All,
验,9A8C,39564,/,45104,uni9A8C-CN,uni9A8C-CN,/,All,
骏,9A8F,39567,/,45107,uni9A8F-CN,uni9A8F-CN,/,All,
骑,9A91,39569,/,45109,uni9A91-CN,uni9A91-CN,/,All,
骗,9A97,39575,/,45115,uni9A97-CN,uni9A97-CN,/,All,
骚,9A9A,39578,/,45118,uni9A9A-CN,uni9A9A-CN,/,All,
骡,9AA1,39585,/,45125,uni9AA1-CN,uni9AA1-CN,/,All,
骤,9AA4,39588,/,45128,uni9AA4-CN,uni9AA4-CN,/,All,
髅,9AC5,39621,/,45216,uni9AC5-CM,uni9AC5-CN,/,All,
鬓,9B13,39699,/,45395,uni9B13-CN,uni9B13-CN,/,All,
魲,9B72,39794,E01EA,45599,uni9B72-CM,uni9B72-CN,PUA,CM,
鯽,9BFD,39933,E0102,45798,uni9BFD-CL,uni9BF5-CN,Hanyo-Denshi,CL,
鯽,9BFD,39933,E01EA,45809,uni9BFD-M,uni9BFD-CN,PUA,"M,CM",
鲨,9CA8,40104,/,46093,uni9CA8-CN,uni9CA8-CN,/,All,
鲫,9CAB,40107,/,46096,uni9CAB-CN,uni9CAB-CN,/,All,
鲸,9CB8,40120,/,46109,uni9CB8-CN,uni9CB8-CN,/,All,
鳄,9CC4,40132,/,46121,uni9CC4-CN,uni9CC4-CN,/,All,
鳞,9CDE,40158,/,46147,uni9CDE-CN,uni9CDE-CN,/,All,
鵉,9D49,40265,/,46299,uni9D49-CM,uni9D49-CN,/,All,
鸥,9E25,40485,/,46697,uni9E25-CN,uni9E25-CN,/,All,
鸦,9E26,40486,/,46698,uni9E26-CN,uni9E26-CN,/,All,
鸵,9E35,40501,/,46713,uni9E35-CN,uni9E35-CN,/,All,
鸽,9E3D,40509,/,46721,uni9E3D-CN,uni9E3D-CN,/,All,
鹤,9E64,40548,/,46760,uni9E64-CN,uni9E64-CN,/,All,
鹦,9E66,40550,/,46762,uni9E66-CN,uni9E66-CN,/,All,
鹰,9E70,40560,/,46772,uni9E70-CN,uni9E70-CN,/,All,
麼,9EBC,40636,E0102,46966,uni9EBCuE0102-JP,uni9EBC-CN,Hanyo-Denshi,CM,
麽,9EBD,40637,E0102,46969,uni9EBD-CM,uni9EBD-CN,Hanyo-Denshi,CM,
麾,9EBE,40638,E0102,46972,uni9EBE-CM,uni9EBE-CN,Hanyo-Denshi,CM,
鼕,9F15,40725,E0102,47165,uni9F15-M,uni9F15-CN,Hanyo-Denshi,M,
齜,9F5C,40796,/,47337,uni9F5C-CL,uni9F5C-CN,/,All,
齿,9F7F,40831,/,47429,uni9F7F-CM,uni9F7F-CN,/,All,
龃,9F83,40835,/,47433,uni9F83-CM,uni9F83-CN,/,All,
龄,9F84,40836,/,47434,uni9F84-CM,uni9F84-CN,/,All,
龇,9F87,40839,/,47437,uni9F87-CM,uni9F87-CN,/,All,
龈,9F88,40840,/,47438,uni9F88-CM,uni9F88-CN,/,All,
龉,9F89,40841,/,47439,uni9F89-CM,uni9F89-CN,/,All,
龊,9F8A,40842,/,47440,uni9F8A-CM,uni9F8A-CN,/,All,
龋,9F8B,40843,/,47441,uni9F8B-CM,uni9F8B-CN,/,All,
龌,9F8C,40844,/,47442,uni9F8C-CM,uni9F8C-CN,/,All,
㑒,3452,13394,/,2528,uni3452-CL,uni3452-CN,/,All,
㨈,3A08,14856,/,4107,uni3A08-CM,uni3A08-CN,/,All,
㪘,3A98,15000,/,4259,uni3A98-CM,uni3A98-CN,/,All,
㰖,3C16,15382,/,4665,uni3C16-CM,uni3C16-CN,/,All,
㳽,3CFD,15613,E0100,4901,uni3CFD-CM,uni3CFD-CN,Hanyo-Denshi,All,
䅟,415F,16735,/,6114,uni415F-CM,uni415F-CN,/,All,
䋄,42C4,17092,/,6491,uni42C4-CL,uni42C4-CN,/,All,
䋞,42DE,17118,/,6520,uni42DE-CL,uni42DE-CN,/,All,
䋲,42F2,17138,/,6540,uni42F2-CM,uni42F2-CN,/,All,
䜛,471B,18203,/,7712,uni471B-CM,uni471B-CN,/,All,
𠡍,2084D,133197,/,65485,u2084D-CM,uni3A52-HK,/,All,
𣷝,23DDD,146909,/,65486,u23DDD-CM,uni3BF2-HK,/,All,
𣻌,23ECC,147148,E0101,65488,u23ECC-CM,uni50F8-HK,Hanyo-Denshi,All,
𤂣,240A3,147619,E0100,65489,u240A3-CM,uni53B4-HK,Hanyo-Denshi,All,
𥂁,25081,151681,/,65490,u25081-CM,uni5662-HK,/,All,
𦙅,26645,157253,/,65491,u26645-CM,uni58BA-HK,/,All,
𦾉,26F89,159625,/,65492,u26F89-CM,uni5967-HK,/,All,
𧷢,27DE2,163298,/,65493,u27DE2-CM,uni5AFA-TW,/,All,
𨊮,282AE,164526,/,65494,u282AE-CM,uni5DB4-HK,/,All,
𨋌,282CC,164556,/,65496,u282CC-CM,uni5EE8-HK,/,All,
𨪙,28A99,166553,E01EA,65497,u28A99-CM,uni614C-HK,PUA,CM,
𩜙,29719,169753,E0102,65498,u29719-CM,uni6428-HK,Hanyo-Denshi,CL,
𩝎,2974E,169806,E01EA,65499,u2974E-CL,uni64D9-HK,PUA,CL,
𩝎,2974E,169806,E01EB,65500,u2974E-CM,uni64DB-HK,PUA,"M,CM",
𪗱,2A5F1,173553,E01EA,65501,u2A5F1-CM,uni6983-HK,PUA,All,
𪠽,2A83D,174141,/,65502,u2A83D-CM,uni69A7-HK,/,All,
𫃵,2B0F5,176373,/,31453,u2B0F5-CM,uni7E37-TW,/,All,
𫝊,2B74A,177994,/,65503,u2B74A-CM,uni69BB-HK,/,All,
𫞇,2B787,178055,/,21990,u2B787-CM,uni6A07-TW,/,All,
𫬄,2BB04,178948,/,13069,u2BB04-CM,uni56B7-CN,/,All,
𭢯,2D8AF,186543,/,22833,u2D8AF-CM,uni6BCC-CN,/,All,
𭣄,2D8C4,186564,/,22834,u2D8C4-CM,uni6BCC-TW,/,All,
𭶒,2DD92,187794,/,25675,u2DD92-CM,uni720D-TW,/,All,
𮛡,2E6E1,190177,/,65505,u2E6E1-CM,uni6BCC-HK,/,All,
𮣐,2E8D0,190672,/,42553,u2E8D0-CM,uni9472-CN,/,All,
𮦷,2E9B7,190903,/,43614,u2E9B7-CM,uni9742-TW,/,All,
𮧲,2E9F2,190962,/,25532,u2E9F2-CM,uni71CA-TW,/,All,
𰛮,306EE,198382,/,61856,u306EE-CM,u30EDE-CN,/,All,
𰡻,3087B,198779,/,61857,u3087B-CM,u30EDE-HK,/,All,
𱂔,31094,200852,/,61861,u31094-CM,u3106C-CN,/,All,
𱌮,3132E,201518,/,61862,u3132E-CM,u3106C-TW,/,All,
𲁱,32071,204913,/,61863,u32071-Proposal-CM,u3106C-HK,/,All,*
,,,,,,,,,
,,,,,,,,,
,,,,,,,,,
,,,,,,,,,
,,,,,,,,,
,,,,,,,,,
,,,,,,,,,
,,,,,,,,,
,,,,,,,,,
,,,,,,,,,
,,,,,,,,,
,,,,,,,,,
,,,,,,,,,
,,,,,,,,,
,,,,,,,,,
,,,,,,,,,
,,,,,,,,,
,,,,,,,,,
,,,,,,,,,
,,,,,,,,,
,,,,,,,,,
,,,,,,,,,
,,,,,,,,,
,,,,,,,,,
,,,,,,,,,
,,,,,,,,,
,,,,,,,,,
,,,,,,,,,
,,,,,,,,,
,,,,,,,,,
,,,,,,,,,
,,,,,,,,,
,,,,,,,,,
,,,,,,,,,
,,,,,,,,,
,,,,,,,,,
,,,,,,,,,
,,,,,,,,,
,,,,,,,,,
,,,,,,,,,
,,,,,,,,,
,,,,,,,,,
,,,,,,,,,
,,,,,,,,,
,,,,,,,,,
,,,,,,,,,
,,,,,,,,,
,,,,,,,,,
,,,,,,,,,
,,,,,,,,,
,,,,,,,,,
,,,,,,,,,
,,,,,,,,,
,,,,,,,,,
,,,,,,,,,
,,,,,,,,,
,,,,,,,,,
,,,,,,,,,
,,,,,,,,,
,,,,,,,,,
,,,,,,,,,
,,,,,,,,,
,,,,,,,,,
,,,,,,,,,
,,,,,,,,,
,,,,,,,,,
,,,,,,,,,
,,,,,,,,,
,,,,,,,,,
,,,,,,,,,
,,,,,,,,,
,,,,,,,,,
,,,,,,,,,
,,,,,,,,,
,,,,,,,,,
,,,,,,,,,
,,,,,,,,,
,,,,,,,,,
,,,,,,,,,
,,,,,,,,,
,,,,,,,,,
,,,,,,,,,
,,,,,,,,,
,,,,,,,,,
,,,,,,,,,
,,,,,,,,,
,,,,,,,,,
,,,,,,,,,
,,,,,,,,,
,,,,,,,,,
,,,,,,,,,
,,,,,,,,,
,,,,,,,,,
,,,,,,,,,
,,,,,,,,,
,,,,,,,,,
,,,,,,,,,
,,,,,,,,,
,,,,,,,,,
,,,,,,,,,
,,,,,,,,,
,,,,,,,,,
,,,,,,,,,
,,,,,,,,,
,,,,,,,,,
,,,,,,,,,
,,,,,,,,,
,,,,,,,,,
,,,,,,,,,
,,,,,,,,,
,,,,,,,,,
,,,,,,,,,
,,,,,,,,,
,,,,,,,,,
,,,,,,,,,
,,,,,,,,,
,,,,,,,,,
,,,,,,,,,
,,,,,,,,,
,,,,,,,,,
,,,,,,,,,
,,,,,,,,,
,,,,,,,,,
,,,,,,,,,
,,,,,,,,,
,,,,,,,,,
,,,,,,,,,
,,,,,,,,,
,,,,,,,,,
,,,,,,,,,
,,,,,,,,,
,,,,,,,,,
,,,,,,,,,
,,,,,,,,,
,,,,,,,,,
,,,,,,,,,
,,,,,,,,,
,,,,,,,,,
,,,,,,,,,
,,,,,,,,,
,,,,,,,,,
,,,,,,,,,
,,,,,,,,,
,,,,,,,,,
,,,,,,,,,
,,,,,,,,,
,,,,,,,,,
,,,,,,,,,
,,,,,,,,,
,,,,,,,,,
,,,,,,,,,
,,,,,,,,,
,,,,,,,,,
,,,,,,,,,
,,,,,,,,,
,,,,,,,,,
,,,,,,,,,
,,,,,,,,,
,,,,,,,,,
,,,,,,,,,
,,,,,,,,,
,,,,,,,,,
,,,,,,,,,
,,,,,,,,,
,,,,,,,,,
,,,,,,,,,
,,,,,,,,,
,,,,,,,,,
,,,,,,,,,
,,,,,,,,,
,,,,,,,,,
,,,,,,,,,
,,,,,,,,,
,,,,,,,,,
,,,,,,,,,
,,,,,,,,,
,,,,,,,,,
,,,,,,,,,
,,,,,,,,,
,,,,,,,,,
,,,,,,,,,
,,,,,,,,,
,,,,,,,,,
,,,,,,,,,
,,,,,,,,,
,,,,,,,,,
,,,,,,,,,
,,,,,,,,,
,,,,,,,,,
,,,,,,,,,
,,,,,,,,,
,,,,,,,,,
,,,,,,,,,
,,,,,,,,,
,,,,,,,,,
,,,,,,,,,
,,,,,,,,,
,,,,,,,,,
,,,,,,,,,
,,,,,,,,,
,,,,,,,,,
,,,,,,,,,
,,,,,,,,,
,,,,,,,,,
,,,,,,,,,
,,,,,,,,,
,,,,,,,,,
,,,,,,,,,
,,,,,,,,,
,,,,,,,,,
